transport,departure,arrival,passengers
avia,Мурманск,Москва,33435
avia,Москва,Мурманск,26928
avia,Санкт-Петербург,Архангельск,18210
avia,Архангельск,Санкт-Петербург,16990
avia,Мурманск,Санкт-Петербург,16706
avia,Новый Уренгой,Москва,15136
avia,Санкт-Петербург,Мурманск,15307
avia,Москва,Новый Уренгой,13780
avia,Архангельск,Москва,12862
avia,Москва,Архангельск,13289
avia,Новый Уренгой,Тюмень,9261
avia,Салехард,Тюмень,8963
avia,Надым,Москва,7510
avia,Тюмень,Салехард,7515
avia,Салехард,Москва,7771
avia,Тюмень,Новый Уренгой,7212
avia,Ноябрьск,Москва,6729
avia,Москва,Салехард,6748
avia,Москва,Надым,5709
avia,Новый Уренгой,Новосибирск,4970
avia,Москва,Ноябрьск,4303
avia,Новый Уренгой,Уфа,4057
avia,Уфа,Новый Уренгой,4050
avia,Екатеринбург,Салехард,3923
avia,Тюмень,Надым,3475
avia,Новосибирск,Новый Уренгой,3467
avia,Новый Уренгой,Санкт-Петербург,3367
avia,Надым,Тюмень,3321
avia,Салехард,Екатеринбург,3314
avia,Мурманск,Краснодар,3129
avia,Норильск,Москва,3089
avia,Санкт-Петербург,Апатиты,3163
avia,Красноярск,Норильск,2946
avia,Краснодар,Мурманск,2950
avia,Москва,Апатиты,3078
avia,Апатиты,Санкт-Петербург,2801
avia,Новый Уренгой,Салехард,2843
avia,Апатиты,Москва,2989
avia,Санкт-Петербург,Новый Уренгой,2742
avia,Салехард,Новый Уренгой,2550
avia,Новый Уренгой,Екатеринбург,2526
avia,Санкт-Петербург,Салехард,2700
avia,Норильск,Красноярск,2517
avia,Мурманск,Архангельск,2454
avia,Анадырь,Москва,2469
avia,Москва,Норильск,2455
avia,Краснодар,Новый Уренгой,2380
avia,Санкт-Петербург,Ноябрьск,2279
avia,Москва,Усинск,2375
avia,Москва,Анадырь,2161
avia,Новый Уренгой,Казань,2201
avia,Салехард,Санкт-Петербург,2200
avia,Новый Уренгой,Омск,2104
avia,Екатеринбург,Новый Уренгой,2136
avia,Салехард,Ноябрьск,2103
avia,Новый Уренгой,Краснодар,2020
avia,Ноябрьск,Санкт-Петербург,2039
avia,Мурманск,Симферополь (Крым),2002
avia,Тюмень,Ноябрьск,2014
avia,Сочи,Архангельск,1895
avia,Нарьян-Мар,Архангельск,1809
avia,Новый Уренгой,Минеральные Воды,1918
avia,Ноябрьск,Салехард,1790
avia,Бугульма,Новый Уренгой,1751
avia,Новый Уренгой,Самара,1695
avia,Архангельск,Сочи,1746
avia,Усинск,Москва,1747
avia,Мурманск,Ростов-на-Дону,1591
avia,Новый Уренгой,Ростов-на-Дону,1631
avia,Архангельск,Нарьян-Мар,1505
avia,Ростов-на-Дону,Мурманск,1460
avia,Новый Уренгой,Бугульма,1443
avia,Новый Уренгой,Пермь,1539
avia,Надым,Екатеринбург,1496
avia,Нарьян-Мар,Москва,1452
avia,Новосибирск,Ноябрьск,1320
avia,Архангельск,Мурманск,1316
avia,Ноябрьск,Новосибирск,1360
avia,Минеральные Воды,Новый Уренгой,1336
avia,Ноябрьск,Тюмень,1282
avia,Пермь,Новый Уренгой,1287
avia,Ростов-на-Дону,Новый Уренгой,1327
avia,Мурманск,Минеральные Воды,1309
avia,Омск,Новый Уренгой,1220
avia,Мурманск,Сочи,1177
avia,Надым,Уфа,1169
avia,Салехард,Омск,1282
avia,Мурманск,Калининград,1216
avia,Ноябрьск,Екатеринбург,1141
avia,Екатеринбург,Ноябрьск,1096
avia,Усинск,Казань,1152
avia,Минеральные Воды,Мурманск,1127
avia,Махачкала,Новый Уренгой,1214
avia,Сочи,Мурманск,1220
avia,Уфа,Ноябрьск,1178
avia,Новый Уренгой,Махачкала,1156
avia,Архангельск,Краснодар,1115
avia,Омск,Салехард,1087
avia,Краснодар,Архангельск,1009
avia,Симферополь (Крым),Архангельск,1016
avia,Салехард,Краснодар,1066
avia,Волгоград,Новый Уренгой,996
avia,Краснодар,Салехард,1023
avia,Новый Уренгой,Белгород,1011
avia,Архангельск,Симферополь (Крым),1032
avia,Уфа,Архангельск,1051
avia,Новый Уренгой,Волгоград,987
avia,Надым,Санкт-Петербург,920
avia,Усинск,Бугульма,978
avia,Москва,Нарьян-Мар,1003
avia,Симферополь (Крым),Мурманск,955
avia,Архангельск,Калининград,939
avia,Архангельск,Минеральные Воды,908
avia,Усинск,Санкт-Петербург,955
avia,Ноябрьск,Уфа,919
avia,Калининград,Мурманск,922
avia,Казань,Усинск,929
avia,Норильск,Уфа,944
avia,Новый Уренгой,Анапа,932
avia,Мурманск,Челябинск,899
avia,Санкт-Петербург,Нарьян-Мар,842
avia,Анапа,Новый Уренгой,890
avia,Новый Уренгой,Сочи,846
avia,Мурманск,Махачкала,846
avia,Салехард,Казань,866
avia,Мурманск,Уфа,921
avia,Екатеринбург,Мурманск,893
avia,Мурманск,Нижний Новгород,890
avia,Калининград,Архангельск,849
avia,Надым,Новосибирск,835
avia,Норильск,Санкт-Петербург,837
avia,Санкт-Петербург,Надым,840
avia,Новый Уренгой,Нижнекамск,830
avia,Тюмень,Усинск,826
avia,Казань,Новый Уренгой,851
avia,Самара,Новый Уренгой,812
avia,Новый Уренгой,Красноярск,813
avia,Екатеринбург,Надым,766
avia,Мурманск,Омск,803
avia,Челябинск,Мурманск,784
avia,Уфа,Надым,751
avia,Челябинск,Новый Уренгой,779
avia,Минеральные Воды,Архангельск,780
avia,Мурманск,Екатеринбург,732
avia,Санкт-Петербург,Усинск,699
avia,Ноябрьск,Краснодар,717
avia,Салехард,Уфа,753
avia,Сыктывкар,Усинск,753
avia,Норильск,Минеральные Воды,642
avia,Салехард,Пермь,648
avia,Новый Уренгой,Челябинск,655
avia,Норильск,Краснодар,631
avia,Белгород,Мурманск,634
avia,Мурманск,Воронеж,632
avia,Певек,Москва,680
avia,Сочи,Новый Уренгой,687
avia,Новосибирск,Норильск,611
avia,Мурманск,Белгород,578
avia,Новосибирск,Надым,637
avia,Надым,Салехард,627
avia,Хатанга,Норильск,609
avia,Тюмень,Архангельск,634
avia,Мурманск,Астрахань,599
avia,Норильск,Хатанга,610
avia,Усинск,Уфа,533
avia,Уфа,Мурманск,596
avia,Салехард,Новосибирск,557
avia,Бугульма,Усинск,558
avia,Мурманск,Тюмень,601
avia,Мурманск,Новосибирск,585
avia,Воркута,Москва,582
avia,Киров,Нарьян-Мар,570
avia,Нижний Новгород,Мурманск,533
avia,Махачкала,Мурманск,565
avia,Нарьян-Мар,Санкт-Петербург,603
avia,Пермь,Ноябрьск,518
avia,Мурманск,Барнаул,510
avia,Саратов,Новый Уренгой,489
avia,Самара,Салехард,497
avia,Салехард,Надым,509
avia,Усинск,Сыктывкар,496
avia,Усинск,Тюмень,548
avia,Воронеж,Мурманск,496
avia,Новый Уренгой,Саратов,506
avia,Надым,Белгород,490
avia,Пермь,Усинск,468
avia,Новосибирск,Салехард,470
avia,Самара,Ноябрьск,445
avia,Салехард,Волгоград,488
avia,Хабаровск,Анадырь,456
avia,Норильск,Новосибирск,437
avia,Омск,Мурманск,435
avia,Красноярск,Архангельск,413
avia,Ноябрьск,Пермь,400
avia,Уфа,Салехард,406
avia,Салехард,Симферополь (Крым),442
avia,Оренбург,Мурманск,448
avia,Новый Уренгой,Ставрополь,406
avia,Салехард,Минеральные Воды,424
avia,Норильск,Белгород,448
avia,Анапа,Архангельск,418
avia,Ноябрьск,Бугульма,426
avia,Уфа,Усинск,427
avia,Игарка,Красноярск,395
avia,Краснодар,Ноябрьск,431
avia,Ноябрьск,Омск,402
avia,Архангельск,Махачкала,408
avia,Нарьян-Мар,Киров,348
avia,Новый Уренгой,Симферополь (Крым),336
avia,Сочи,Норильск,358
avia,Казань,Салехард,392
avia,Нижний Новгород,Новый Уренгой,348
avia,Надым,Краснодар,345
avia,Анадырь,Хабаровск,383
avia,Архангельск,Ростов-на-Дону,343
avia,Якутск,Среднеколымск,336
avia,Сочи,Ноябрьск,361
avia,Мурманск,Самара,389
avia,Архангельск,Красноярск,384
avia,Барнаул,Мурманск,363
avia,Краснодар,Норильск,353
avia,Ростов-на-Дону,Архангельск,370
avia,Мурманск,Геленджик,361
avia,Симферополь (Крым),Новый Уренгой,383
avia,Санкт-Петербург,Норильск,377
avia,Новый Уренгой,Назрань,361
avia,Салехард,Оренбург,386
avia,Москва,Воркута,325
avia,Салехард,Белгород,320
avia,Махачкала,Архангельск,312
avia,Магадан,Анадырь,332
avia,Пермь,Салехард,298
avia,Ижевск,Новый Уренгой,297
avia,Казань,Мурманск,334
avia,Сочи,Салехард,309
avia,Надым,Симферополь (Крым),318
avia,Ноябрьск,Симферополь (Крым),318
avia,Салехард,Ростов-на-Дону,319
avia,Геленджик,Мурманск,312
avia,Мурманск,Казань,338
avia,Новый Уренгой,Пенза,300
avia,Салехард,Самара,305
avia,Белгород,Новый Уренгой,305
avia,Волгоград,Архангельск,324
avia,Норильск,Ростов-на-Дону,320
avia,Архангельск,Сыктывкар,313
avia,Красноярск,Новый Уренгой,343
avia,Мурманск,Сыктывкар,329
avia,Красноярск,Мурманск,248
avia,Ростов-на-Дону,Норильск,273
avia,Мурманск,Волгоград,277
avia,Казань,Архангельск,248
avia,Архангельск,Белгород,284
avia,Салехард,Челябинск,254
avia,Салехард,Махачкала,258
avia,Абакан,Норильск,257
avia,Воронеж,Новый Уренгой,278
avia,Мурманск,Анапа,264
avia,Курск,Мурманск,283
avia,Норильск,Сочи,270
avia,Усинск,Пермь,273
avia,Архангельск,Волгоград,262
avia,Норильск,Махачкала,261
avia,Бугульма,Ноябрьск,278
avia,Усинск,Ростов-на-Дону,282
avia,Сыктывкар,Архангельск,255
avia,Архангельск,Нижний Новгород,259
avia,Челябинск,Архангельск,272
avia,Екатеринбург,Норильск,206
avia,Ульяновск,Мурманск,222
avia,Архангельск,Тюмень,201
avia,Апатиты,Череповец,219
avia,Минеральные Воды,Норильск,225
avia,Астрахань,Новый Уренгой,228
avia,Мурманск,Череповец,210
avia,Новосибирск,Архангельск,221
avia,Надым,Улан-Удэ,218
avia,Нижнекамск,Новый Уренгой,216
avia,Новосибирск,Мурманск,207
avia,Мурманск,Оренбург,212
avia,Москва,Певек,218
avia,Волгоград,Салехард,219
avia,Новый Уренгой,Оренбург,234
avia,Архангельск,Анапа,221
avia,Нарьян-Мар,Уфа,236
avia,Самара,Мурманск,215
avia,Минеральные Воды,Ноябрьск,216
avia,Новый Уренгой,Улан-Удэ,245
avia,Томск,Новый Уренгой,236
avia,Архангельск,Челябинск,226
avia,Надым,Сочи,203
avia,Архангельск,Екатеринбург,209
avia,Калининград,Салехард,193
avia,Нижний Новгород,Архангельск,191
avia,Новый Уренгой,Нижний Новгород,196
avia,Мурманск,Нижнекамск,243
avia,Оренбург,Новый Уренгой,245
avia,Архангельск,Казань,219
avia,Мурманск,Саратов,210
avia,Сыктывкар,Мурманск,235
avia,Архангельск,Астрахань,223
avia,Пермь,Архангельск,220
avia,Архангельск,Пермь,190
avia,Новый Уренгой,Ижевск,201
avia,Симферополь (Крым),Норильск,222
avia,Иркутск,Новый Уренгой,218
avia,Красноярск,Игарка,233
avia,Норильск,Абакан,228
avia,Новый Уренгой,Томск,157
avia,Салехард,Мурманск,182
avia,Владикавказ,Мурманск,147
avia,Казань,Ноябрьск,184
avia,Воркута,Сыктывкар,150
avia,Норильск,Волгоград,148
avia,Саратов,Мурманск,150
avia,Ставрополь,Новый Уренгой,171
avia,Череповец,Апатиты,165
avia,Норильск,Анапа,150
avia,Мурманск,Красноярск,151
avia,Грозный,Новый Уренгой,152
avia,Новый Уренгой,Воронеж,146
avia,Архангельск,Уфа,161
avia,Омск,Архангельск,187
avia,Мурманск,Ижевск,169
avia,Тюмень,Мурманск,154
avia,Новый Уренгой,Астрахань,181
avia,Ростов-на-Дону,Ноябрьск,158
avia,Архангельск,Омск,189
avia,Ноябрьск,Белгород,188
avia,Норильск,Симферополь (Крым),149
avia,Мурманск,Ставрополь,155
avia,Салехард,Ижевск,169
avia,Мурманск,Пермь,180
avia,Воронеж,Архангельск,172
avia,Норильск,Диксон,153
avia,Архангельск,Самара,144
avia,Ставрополь,Ноябрьск,170
avia,Уфа,Норильск,175
avia,Мурманск,Ульяновск,150
avia,Нарьян-Мар,Воронеж,178
avia,Воронеж,Норильск,182
avia,Минеральные Воды,Надым,156
avia,Екатеринбург,Архангельск,164
avia,Салехард,Анапа,155
avia,Салехард,Сочи,169
avia,Ноябрьск,Ставрополь,155
avia,Надым,Ставрополь,155
avia,Новый Уренгой,Сыктывкар,172
avia,Усинск,Краснодар,179
avia,Краснодар,Надым,154
avia,Надым,Анапа,175
avia,Архангельск,Воронеж,190
avia,Самара,Архангельск,161
avia,Волгоград,Мурманск,144
avia,Мурманск,Владикавказ,106
avia,Норильск,Самара,95
avia,Череповец,Мурманск,123
avia,Салехард,Саранск,109
avia,Омск,Ноябрьск,110
avia,Магнитогорск,Архангельск,105
avia,Норильск,Сургут,128
avia,Астрахань,Мурманск,106
avia,Новый Уренгой,Иркутск,131
avia,Симферополь (Крым),Ноябрьск,109
avia,Ноябрьск,Саратов,109
avia,Нарьян-Мар,Сыктывкар,117
avia,Барнаул,Новый Уренгой,131
avia,Салехард,Томск,125
avia,Назрань,Новый Уренгой,120
avia,Архангельск,Новый Уренгой,104
avia,Норильск,Челябинск,141
avia,Сыктывкар,Нарьян-Мар,121
avia,Надым,Омск,118
avia,Усинск,Минеральные Воды,121
avia,Ставрополь,Архангельск,104
avia,Ноябрьск,Ростов-на-Дону,95
avia,Мурманск,Нарьян-Мар,98
avia,Ноябрьск,Казань,105
avia,Надым,Воронеж,103
avia,Норильск,Тюмень,125
avia,Архангельск,Грозный,108
avia,Минеральные Воды,Салехард,117
avia,Ростов-на-Дону,Надым,119
avia,Салехард,Нижневартовск,103
avia,Архангельск,Владивосток,136
avia,Анапа,Мурманск,114
avia,Ижевск,Норильск,134
avia,Казань,Надым,116
avia,Мурманск,Нижневартовск,98
avia,Калининград,Анадырь,110
avia,Челябинск,Салехард,105
avia,Норильск,Ульяновск,128
avia,Новый Уренгой,Калининград,96
avia,Архангельск,Магнитогорск,102
avia,Пермь,Мурманск,110
avia,Надым,Минеральные Воды,109
avia,Салехард,Воронеж,120
avia,Архангельск,Сургут,121
avia,Мурманск,Новый Уренгой,129
avia,Сыктывкар,Воркута,130
avia,Краснодар,Усинск,131
avia,Архангельск,Оренбург,93
avia,Белгород,Надым,100
avia,Мурманск,Ярославль,118
avia,Белгород,Норильск,119
avia,Мурманск,Сургут,109
avia,Ульяновск,Ноябрьск,104
avia,Мурманск,Петропавловск-Камчатский,118
avia,Ноябрьск,Самара,98
avia,Норильск,Екатеринбург,92
avia,Петропавловск-Камчатский,Архангельск,104
avia,Белгород,Архангельск,123
avia,Мурманск,Ноябрьск,93
avia,Белгород,Салехард,110
avia,Ижевск,Мурманск,125
avia,Нарьян-Мар,Екатеринбург,132
avia,Ноябрьск,Воронеж,105
avia,Махачкала,Салехард,99
avia,Воронеж,Ноябрьск,123
avia,Норильск,Ставрополь,109
avia,Салехард,Архангельск,128
avia,Норильск,Иркутск,98
avia,Ноябрьск,Минеральные Воды,129
avia,Владивосток,Архангельск,118
avia,Петропавловск-Камчатский,Мурманск,95
avia,Ноябрьск,Тамбов,71
avia,Владивосток,Ноябрьск,51
avia,Тамбов,Мурманск,58
avia,Ставрополь,Мурманск,82
avia,Салехард,Грозный,84
avia,Усинск,Курган,76
avia,Архангельск,Барнаул,84
avia,Грозный,Архангельск,52
avia,Салехард,Ханты-Мансийск,56
avia,Ульяновск,Архангельск,79
avia,Сургут,Мурманск,51
avia,Архангельск,Петропавловск-Камчатский,75
avia,Новый Уренгой,Нерюнгри,83
avia,Нальчик,Новый Уренгой,49
avia,Новый Уренгой,Ханты-Мансийск,84
avia,Мурманск,Томск,51
avia,Ижевск,Архангельск,69
avia,Самара,Норильск,44
avia,Архангельск,Геленджик,74
avia,Норильск,Ноябрьск,72
avia,Иркутск,Норильск,50
avia,Мурманск,Салехард,54
avia,Новый Уренгой,Архангельск,74
avia,Симферополь (Крым),Нарьян-Мар,62
avia,Норильск,Казань,58
avia,Мурманск,Новокузнецк,56
avia,Волгоград,Надым,77
avia,Нижний Новгород,Салехард,75
avia,Новый Уренгой,Нижневартовск,61
avia,Калининград,Ноябрьск,79
avia,Нарьян-Мар,Минеральные Воды,65
avia,Норильск,Горно-Алтайск,56
avia,Салехард,Саратов,53
avia,Ханты-Мансийск,Салехард,84
avia,Красноярск,Ноябрьск,55
avia,Красноярск,Надым,70
avia,Ставрополь,Норильск,64
avia,Владикавказ,Салехард,45
avia,Норильск,Омск,52
avia,Надым,Красноярск,58
avia,Нижнекамск,Мурманск,84
avia,Ростов-на-Дону,Анадырь,70
avia,Сургут,Норильск,47
avia,Архангельск,Ставрополь,67
avia,Нижневартовск,Мурманск,71
avia,Ноябрьск,Нижневартовск,58
avia,Норильск,Астрахань,73
avia,Ханты-Мансийск,Новый Уренгой,49
avia,Мурманск,Магнитогорск,73
avia,Анадырь,Якутск,59
avia,Саратов,Ноябрьск,78
avia,Мурманск,Чита,57
avia,Липецк,Архангельск,55
avia,Белгород,Воркута,75
avia,Новый Уренгой,Грозный,81
avia,Ульяновск,Новый Уренгой,55
avia,Надым,Ростов-на-Дону,73
avia,Саратов,Салехард,62
avia,Грозный,Мурманск,46
avia,Норильск,Нижневартовск,83
avia,Салехард,Чита,74
avia,Нижневартовск,Новый Уренгой,70
avia,Волгоград,Норильск,76
avia,Назрань,Салехард,70
avia,Салехард,Абакан,72
avia,Сыктывкар,Анадырь,58
avia,Новый Уренгой,Якутск,85
avia,Анадырь,Калининград,55
avia,Ноябрьск,Сочи,77
avia,Барнаул,Архангельск,81
avia,Мурманск,Бугульма,71
avia,Норильск,Пермь,68
avia,Усинск,Калининград,62
avia,Архангельск,Апатиты,45
avia,Салехард,Ульяновск,80
avia,Иркутск,Мурманск,81
avia,Усинск,Сургут,77
avia,Ноябрьск,Хабаровск,85
avia,Челябинск,Норильск,51
avia,Новый Уренгой,Ульяновск,82
avia,Пенза,Новый Уренгой,56
avia,Салехард,Нижнекамск,84
avia,Архангельск,Липецк,62
avia,Симферополь (Крым),Салехард,63
avia,Сыктывкар,Новый Уренгой,72
avia,Краснодар,Анадырь,75
avia,Диксон,Норильск,68
avia,Владикавказ,Новый Уренгой,50
avia,Архангельск,Южно-Сахалинск,65
avia,Оренбург,Архангельск,77
avia,Анапа,Надым,58
avia,Нарьян-Мар,Мурманск,86
avia,Ноябрьск,Курган,81
avia,Надым,Иркутск,71
avia,Владивосток,Мурманск,60
avia,Томск,Архангельск,76
avia,Сургут,Усинск,82
avia,Новосибирск,Анадырь,58
avia,Усинск,Ульяновск,51
avia,Благовещенск,Новый Уренгой,58
avia,Мурманск,Владивосток,70
avia,Салехард,Геленджик,48
avia,Санкт-Петербург,Воркута,44
avia,Нижневартовск,Нарьян-Мар,68
avia,Самара,Нарьян-Мар,51
avia,Воркута,Санкт-Петербург,46
avia,Норильск,Владивосток,50
avia,Белгород,Нарьян-Мар,60
avia,Магнитогорск,Новый Уренгой,72
avia,Ноябрьск,Челябинск,73
avia,Салехард,Нижний Новгород,68
avia,Мурманск,Грозный,53
avia,Пермь,Норильск,52
avia,Анапа,Салехард,77
avia,Анадырь,Магадан,53
avia,Надым,Самара,61
avia,Салехард,Калининград,71
avia,Сургут,Салехард,76
avia,Екатеринбург,Нарьян-Мар,85
avia,Норильск,Новый Уренгой,44
avia,Ростов-на-Дону,Салехард,87
avia,Надым,Казань,69
avia,Усинск,Астрахань,69
avia,Апатиты,Уфа,72
avia,Санкт-Петербург,Анадырь,48
avia,Симферополь (Крым),Надым,53
avia,Геленджик,Салехард,65
avia,Салехард,Сургут,82
avia,Ухта,Усинск,52
avia,Чита,Салехард,84
avia,Белгород,Ноябрьск,73
avia,Самара,Усинск,44
avia,Анадырь,Санкт-Петербург,67
bus,Петрозаводск,Костомукша,15195
bus,Петрозаводск,Сегежа,4016
bus,Архангельск,Вельск,2961
bus,Костомукша,Петрозаводск,2021
bus,Вельск,Архангельск,1031
bus,Архангельск,Сыктывкар,1050
bus,Петрозаводск,Кемь,1053
bus,Великий Устюг,Северодвинск,962
bus,Архангельск,Онега,956
bus,Петрозаводск,Беломорск,1052
bus,Кемь,Петрозаводск,1004
train,Архангельск,Москва,8310
train,Москва,Архангельск,8224
train,Мурманск,Санкт-Петербург,7197
train,Новый Уренгой,Тюмень,7192
train,Усинск,Сыктывкар,5778
train,Санкт-Петербург,Мурманск,5650
train,Тюмень,Новый Уренгой,5525
train,Санкт-Петербург,Апатиты,5251
train,Апатиты,Санкт-Петербург,4964
train,Сыктывкар,Усинск,4570
train,Мурманск,Москва,4566
train,Ноябрьск,Тюмень,3575
train,Санкт-Петербург,Архангельск,3250
train,Тюмень,Ноябрьск,3514
train,Новый Уренгой,Сургут,3442
train,Ноябрьск,Сургут,3076
train,Сургут,Новый Уренгой,3027
train,Новый Уренгой,Уфа,2911
train,Архангельск,Санкт-Петербург,2703
train,Москва,Мурманск,2659
train,Губкинский,Сургут,2530
train,Усинск,Печора,2456
train,Киров,Усинск,2290
train,Усинск,Киров,2231
train,Архангельск,Котлас,2324
train,Губкинский,Тюмень,2220
train,Печора,Усинск,2172
train,Сургут,Ноябрьск,2289
train,Новый Уренгой,Ноябрьск,2136
train,Новый Уренгой,Челябинск,2213
train,Усинск,Ухта,2111
train,Ухта,Усинск,2188
train,Апатиты,Москва,2057
train,Новый Уренгой,Екатеринбург,2092
train,Уфа,Новый Уренгой,2134
train,Москва,Апатиты,1961
train,Ноябрьск,Новый Уренгой,1982
train,Архангельск,Ярославль,1980
train,Оленегорск,Санкт-Петербург,1830
train,Екатеринбург,Новый Уренгой,1977
train,Москва,Лабытнанги,1834
train,Екатеринбург,Ноябрьск,1754
train,Архангельск,Няндома,1760
train,Сургут,Губкинский,1737
train,Котлас,Архангельск,1679
train,Вологда,Архангельск,1637
train,Кандалакша,Санкт-Петербург,1635
train,Санкт-Петербург,Кандалакша,1667
train,Губкинский,Ноябрьск,1609
train,Архангельск,Вологда,1454
train,Тюмень,Губкинский,1542
train,Воркута,Москва,1535
train,Няндома,Архангельск,1514
train,Санкт-Петербург,Оленегорск,1362
train,Ярославль,Архангельск,1452
train,Санкт-Петербург,Сегежа,1420
train,Губкинский,Новый Уренгой,1337
train,Усинск,Москва,1346
train,Ноябрьск,Екатеринбург,1286
train,Мурманск,Архангельск,1286
train,Мурманск,Петрозаводск,1360
train,Ноябрьск,Губкинский,1189
train,Москва,Усинск,1216
train,Москва,Северодвинск,1203
train,Апатиты,Мурманск,1262
train,Москва,Воркута,1127
train,Петрозаводск,Мурманск,1188
train,Челябинск,Новый Уренгой,1113
train,Новый Уренгой,Оренбург,1135
train,Архангельск,Мурманск,1068
train,Мурманск,Апатиты,1038
train,Санкт-Петербург,Костомукша,987
train,Новый Уренгой,Губкинский,1003
train,Оленегорск,Москва,945
train,Омск,Новый Уренгой,832
train,Воркута,Микунь,880
train,Губкинский,Уфа,847
train,Костомукша,Санкт-Петербург,765
train,Северодвинск,Москва,779
train,Губкинский,Екатеринбург,794
train,Уфа,Ноябрьск,811
train,Сегежа,Санкт-Петербург,794
train,Новый Уренгой,Омск,749
train,Лабытнанги,Москва,721
train,Ухта,Воркута,705
train,Воркута,Ухта,712
train,Петрозаводск,Костомукша,694
train,Москва,Кандалакша,659
train,Костомукша,Петрозаводск,688
train,Усинск,Сосногорск,668
train,Кандалакша,Москва,652
train,Мурманск,Вологда,642
train,Санкт-Петербург,Полярные Зори,613
train,Воркута,Киров,670
train,Новый Уренгой,Янаул,603
train,Санкт-Петербург,Воркута,584
train,Нижний Новгород,Усинск,608
train,Новый Уренгой,Москва,563
train,Микунь,Воркута,620
train,Ноябрьск,Уфа,567
train,Казань,Новый Уренгой,540
train,Усинск,Микунь,580
train,Екатеринбург,Губкинский,518
train,Москва,Оленегорск,517
train,Киров,Воркута,539
train,Москва,Инта,534
train,Новый Уренгой,Казань,559
train,Оренбург,Новый Уренгой,490
train,Новый Уренгой,Орск,481
train,Уфа,Губкинский,480
train,Пермь,Новый Уренгой,512
train,Москва,Новый Уренгой,511
train,Мурманск,Волхов,502
train,Сосногорск,Усинск,469
train,Ноябрьск,Челябинск,508
train,Вельск,Архангельск,449
train,Апатиты,Петрозаводск,436
train,Сегежа,Москва,477
train,Микунь,Инта,439
train,Санкт-Петербург,Кемь,469
train,Мурманск,Белгород,436
train,Тобольск,Новый Уренгой,469
train,Москва,Сегежа,446
train,Полярные Зори,Санкт-Петербург,438
train,Инта,Микунь,438
train,Губкинский,Челябинск,435
train,Ухта,Инта,403
train,Мурманск,Невель,402
train,Мурманск,Кандалакша,398
train,Архангельск,Вельск,379
train,Инта,Воркута,395
train,Белгород,Мурманск,407
train,Новый Уренгой,Киров,429
train,Челябинск,Губкинский,378
train,Воркута,Лабытнанги,400
train,Ноябрьск,Когалым,408
train,Когалым,Новый Уренгой,393
train,Петрозаводск,Кемь,384
train,Кандалакша,Мурманск,379
train,Полярные Зори,Москва,365
train,Апатиты,Архангельск,339
train,Микунь,Усинск,386
train,Кемь,Санкт-Петербург,362
train,Воркута,Санкт-Петербург,359
train,Череповец,Архангельск,366
train,Ноябрьск,Москва,358
train,Инта,Ухта,357
train,Санкт-Петербург,Беломорск,364
train,Челябинск,Ноябрьск,304
train,Архангельск,Апатиты,319
train,Мурманск,Курск,328
train,Москва,Ноябрьск,311
train,Архангельск,Череповец,308
train,Оленегорск,Петрозаводск,318
train,Петрозаводск,Апатиты,298
train,Новый Уренгой,Пермь,317
train,Усинск,Нижний Новгород,289
train,Янаул,Новый Уренгой,271
train,Волхов,Мурманск,320
train,Новый Уренгой,Новосибирск,279
train,Архангельск,Беломорск,286
train,Казань,Губкинский,283
train,Новый Уренгой,Тобольск,311
train,Беломорск,Петрозаводск,274
train,Кемь,Петрозаводск,299
train,Киров,Инта,279
train,Кандалакша,Петрозаводск,270
train,Новый Уренгой,Когалым,293
train,Орск,Новый Уренгой,287
train,Инта,Москва,279
train,Инта,Печора,276
train,Киров,Новый Уренгой,297
train,Новый Уренгой,Ижевск,252
train,Ноябрьск,Пыть-Ях,262
train,Когалым,Ноябрьск,246
train,Усинск,Ярославль,266
train,Санкт-Петербург,Инта,269
train,Беломорск,Санкт-Петербург,231
train,Инта,Киров,255
train,Воркута,Инта,267
train,Вологда,Мурманск,249
train,Губкинский,Янаул,252
train,Мурманск,Псков,240
train,Петрозаводск,Кандалакша,260
train,Новосибирск,Новый Уренгой,242
train,Казань,Ноябрьск,242
train,Губкинский,Омск,240
train,Ноябрьск,Омск,219
train,Мурманск,Новгород Великий,205
train,Сосногорск,Воркута,240
train,Архангельск,Александров,213
train,Данилов,Архангельск,244
train,Ижевск,Новый Уренгой,206
train,Мурманск,Новосокольники,217
train,Омск,Ноябрьск,232
train,Беломорск,Архангельск,203
train,Печора,Воркута,224
train,Лабытнанги,Воркута,210
train,Воркута,Нижний Новгород,205
train,Москва,Кемь,198
train,Ноябрьск,Янаул,208
train,Ноябрьск,Казань,214
train,Воркута,Сыктывкар,195
train,Новый Уренгой,Агрыз,190
train,Лабытнанги,Котлас,190
train,Полярные Зори,Мурманск,208
train,Петрозаводск,Оленегорск,184
train,Москва,Полярные Зори,200
train,Усинск,Котлас,156
train,Новый Уренгой,Троицк,207
train,Мурманск,Тверь,181
train,Ноябрьск,Оренбург,168
train,Архангельск,Волхов,184
train,Новый Уренгой,Пыть-Ях,204
train,Тобольск,Губкинский,185
train,Москва,Губкинский,176
train,Мурманск,Онега,173
train,Оленегорск,Вологда,194
train,Вологда,Оленегорск,195
train,Воркута,Ярославль,171
train,Пыть-Ях,Новый Уренгой,170
train,Мурманск,Полярные Зори,187
train,Усинск,Емва,143
train,Курск,Мурманск,174
train,Оленегорск,Архангельск,174
train,Кандалакша,Вологда,170
train,Губкинский,Пермь,160
train,Котлас,Усинск,186
train,Ухта,Лабытнанги,185
train,Петрозаводск,Беломорск,191
train,Оренбург,Губкинский,166
train,Сокол,Архангельск,182
train,Ноябрьск,Новосибирск,152
train,Тверь,Мурманск,153
train,Губкинский,Казань,137
train,Каменск-Шахтинский,Воркута,140
train,Апатиты,Белгород,133
train,Лабытнанги,Микунь,147
train,Кандалакша,Апатиты,139
train,Усинск,Ростов-на-Дону,158
train,Александров,Архангельск,173
train,Мурманск,Орёл,172
train,Воркута,Сосногорск,157
train,Сыктывкар,Воркута,130
train,Мурманск,Бологое,152
train,Вологда,Апатиты,131
train,Янаул,Ноябрьск,165
train,Новый Уренгой,Ковров,146
train,Ноябрьск,Пермь,137
train,Камышлов,Новый Уренгой,113
train,Котлас,Лабытнанги,133
train,Волхов,Сегежа,123
train,Ростов-на-Дону,Воркута,117
train,Оленегорск,Белгород,147
train,Тобольск,Ноябрьск,123
train,Апатиты,Волхов,157
train,Ноябрьск,Киров,113
train,Лабытнанги,Вологда,113
train,Сегежа,Волхов,132
train,Апатиты,Новосокольники,126
train,Архангельск,Сокол,132
train,Пермь,Губкинский,143
train,Печора,Инта,154
train,Апатиты,Тверь,125
train,Когалым,Губкинский,141
train,Нижний Новгород,Ноябрьск,119
train,Губкинский,Москва,107
train,Губкинский,Чернушка,125
train,Новый Уренгой,Ишим,128
train,Янаул,Губкинский,146
train,Бологое,Мурманск,131
train,Мурманск,Окуловка,138
train,Новый Уренгой,Чернушка,150
train,Северодвинск,Ярославль,111
train,Агрыз,Новый Уренгой,124
train,Пыть-Ях,Ноябрьск,124
train,Лабытнанги,Ухта,104
train,Усинск,Вельск,101
train,Губкинский,Ижевск,124
train,Инта,Ярославль,117
train,Воркута,Котельнич,111
train,Чернушка,Новый Уренгой,106
train,Москва,Беломорск,99
train,Архангельск,Воронеж,116
train,Архангельск,Оленегорск,101
train,Новый Уренгой,Кувандык,96
train,Инта,Сыктывкар,108
train,Беломорск,Москва,116
train,Кандалакша,Волхов,110
train,Оленегорск,Волхов,124
train,Воркута,Печора,94
train,Архангельск,Данилов,118
train,Микунь,Лабытнанги,100
train,Новосибирск,Ноябрьск,123
train,Инта,Санкт-Петербург,96
train,Новгород Великий,Апатиты,93
train,Губкинский,Когалым,111
train,Апатиты,Бологое,91
train,Нижний Новгород,Новый Уренгой,112
train,Ноябрьск,Чернушка,100
train,Новосокольники,Мурманск,101
train,Ноябрьск,Агрыз,94
train,Нижний Новгород,Воркута,108
train,Усинск,Саранск,96
train,Апатиты,Новгород Великий,99
train,Мурманск,Кемь,87
train,Невель,Мурманск,101
train,Чернушка,Ноябрьск,91
train,Мурманск,Вышний Волочёк,88
train,Вологда,Северодвинск,106
train,Богданович,Новый Уренгой,90
train,Беломорск,Волхов,103
train,Архангельск,Сочи,111
train,Архангельск,Кемь,86
train,Волхов,Архангельск,84
train,Воркута,Миллерово,95
train,Архангельск,Рязань,78
train,Новый Уренгой,Нижний Новгород,102
train,Архангельск,Кропоткин,102
train,Мурманск,Сегежа,105
train,Новый Уренгой,Санкт-Петербург,115
train,Апатиты,Кола,86
train,Губкинский,Каменск-Уральский,83
train,Новосибирск,Губкинский,114
train,Суоярви,Костомукша,86
train,Губкинский,Сарапул,116
train,Петрозаводск,Полярные Зори,98
train,Кувандык,Новый Уренгой,84
train,Новгород Великий,Мурманск,91
train,Туапсе,Усинск,104
train,Губкинский,Тобольск,94
train,Губкинский,Вятские Поляны,85
train,Ноябрьск,Нижний Новгород,74
train,Усинск,Пенза,97
train,Ноябрьск,Тобольск,77
train,Вологда,Усинск,79
train,Белгород,Апатиты,68
train,Оленегорск,Невель,97
train,Беломорск,Сегежа,97
train,Усинск,Луза,86
train,Апатиты,Орёл,93
train,Псков,Мурманск,82
train,Оленегорск,Новгород Великий,65
train,Ижевск,Ноябрьск,63
train,Мурманск,Няндома,77
train,Тверь,Апатиты,96
train,Мурманск,Лодейное Поле,96
train,Новый Уренгой,Калачинск,77
train,Полярные Зори,Петрозаводск,91
train,Ярославль,Воркута,94
train,Котельнич,Усинск,68
train,Сыктывкар,Инта,71
train,Ростов-на-Дону,Архангельск,64
train,Лабытнанги,Ярославль,84
train,Лиски,Архангельск,93
train,Ярославль,Усинск,90
train,Медвежьегорск,Беломорск,93
train,Оленегорск,Малая Вишера,65
train,Пермь,Ноябрьск,82
train,Новый Уренгой,Шахунья,68
train,Котельнич,Воркута,93
train,Губкинский,Нижний Новгород,103
train,Кемь,Москва,75
train,Кола,Санкт-Петербург,103
train,Северодвинск,Вологда,94
train,Сосногорск,Инта,65
train,Лабытнанги,Сосногорск,96
train,Орёл,Мурманск,64
train,Москва,Кола,85
train,Сарапул,Новый Уренгой,89
train,Кемь,Мурманск,85
train,Архангельск,Тихорецк,71
train,Санкт-Петербург,Ноябрьск,65
train,Воркута,Пенза,47
train,Оленегорск,Курск,88
train,Новый Уренгой,Вятские Поляны,59
train,Губкинский,Агрыз,88
train,Апатиты,Курск,75
train,Сегежа,Петрозаводск,59
train,Новый Уренгой,Красноуфимск,66
train,Сегежа,Мурманск,60
train,Вышний Волочёк,Мурманск,49
train,Оленегорск,Тверь,48
train,Новый Уренгой,Называевск,56
train,Сортавала,Костомукша,68
train,Курск,Оленегорск,70
train,Кандалакша,Тверь,84
train,Апатиты,Полярные Зори,48
train,Губкинский,Орск,77
train,Северодвинск,Няндома,77
train,Архангельск,Лиски,57
train,Новый Уренгой,Татарск,89
train,Кандалакша,Архангельск,66
train,Волхов,Оленегорск,87
train,Архангельск,Бабаево,49
train,Медвежьегорск,Мурманск,78
train,Туапсе,Архангельск,74
train,Кандалакша,Белгород,87
train,Новый Уренгой,Камышлов,85
train,Кунгур,Новый Уренгой,84
train,Златоуст,Новый Уренгой,83
train,Архангельск,Харовск,54
train,Оренбург,Ноябрьск,49
train,Новый Уренгой,Барабинск,45
train,Апатиты,Вологда,81
train,Мурманск,Сольцы,69
train,Агрыз,Ноябрьск,45
train,Кемь,Сегежа,71
train,Новый Уренгой,Златоуст,81
train,Мурманск,Кондопога,70
train,Вологда,Кандалакша,62
train,Мурманск,Оленегорск,65
train,Пыть-Ях,Губкинский,76
train,Омск,Губкинский,47
train,Полярные Зори,Апатиты,50
train,Ишим,Новый Уренгой,67
train,Новый Уренгой,Можга,81
train,Архангельск,Грязи,61
train,Воркута,Тимашёвск,49
train,Апатиты,Сегежа,78
train,Котлас,Воркута,64
train,Ростов-на-Дону,Усинск,53
train,Новый Уренгой,Кыштым,32
train,Оленегорск,Сокол,61
train,Полярные Зори,Тверь,66
train,Ртищево,Усинск,57
train,Беломорск,Вологда,55
train,Белореченск,Архангельск,61
train,Волхов,Кемь,38
train,Орск,Ноябрьск,55
train,Онега,Мурманск,63
train,Апатиты,Псков,67
train,Воркута,Зверево,43
train,Санкт-Петербург,Кола,52
train,Вышний Волочёк,Апатиты,53
train,Архангельск,Кандалакша,34
train,Архангельск,Смоленск,70
train,Ноябрьск,Ижевск,30
train,Ноябрьск,Заводоуковск,35
train,Емва,Усинск,37
train,Грязи,Архангельск,66
train,Бабаево,Архангельск,49
train,Апатиты,Сокол,45
train,Харовск,Архангельск,39
train,Лабытнанги,Вельск,54
train,Воркута,Череповец,34
train,Воркута,Новочеркасск,61
train,Троицк,Новый Уренгой,31
train,Вельск,Лабытнанги,39
train,Кандалакша,Курск,69
train,Новый Уренгой,Котельнич,50
train,Мурманск,Харовск,64
train,Сегежа,Оленегорск,34
train,Лабытнанги,Инта,69
train,Тихорецк,Архангельск,56
train,Полярные Зори,Белгород,53
train,Невьянск,Новый Уренгой,65
train,Новороссийск,Воркута,62
train,Вологда,Новый Уренгой,31
train,Тимашёвск,Инта,36
train,Кола,Москва,29
train,Инта,Вологда,42
train,Новый Уренгой,Усть-Катав,48
train,Архангельск,Ростов-на-Дону,56
train,Агрыз,Губкинский,46
train,Оленегорск,Дно,65
train,Волхов,Апатиты,41
train,Тихорецк,Усинск,53
train,Вологда,Беломорск,64
train,Новый Уренгой,Миасс,58
train,Медногорск,Новый Уренгой,68
train,Емва,Инта,41
train,Инта,Сосногорск,64
train,Псков,Апатиты,38
train,Первоуральск,Новый Уренгой,60
train,Коряжма,Усинск,52
train,Кола,Порхов,64
train,Ноябрьск,Богданович,54
train,Усинск,Балашов,50
train,Богданович,Ноябрьск,67
train,Новгород Великий,Сегежа,38
train,Ростов-на-Дону,Инта,30
train,Миасс,Новый Уренгой,31
train,Вологда,Инта,34
train,Называевск,Ноябрьск,52
train,Вологда,Лабытнанги,36
train,Ноябрьск,Ноябрьск,63
train,Курск,Кандалакша,49
train,Тверь,Полярные Зори,66
train,Ноябрьск,Миасс,36
train,Балашов,Воркута,41
train,Красноуфимск,Новый Уренгой,35
train,Ноябрьск,Ишим,32
train,Кыштым,Новый Уренгой,62
train,Ноябрьск,Талица,33
train,Тверь,Оленегорск,54
train,Архангельск,Адлер,53
train,Рязань,Архангельск,37
train,Воркута,Россошь,51
train,Мурманск,Медвежьегорск,39
train,Инта,Котельнич,36
train,Ноябрьск,Красноуфимск,57
train,Костомукша,Суоярви,55
train,Вологда,Воркута,53
train,Инта,Лиски,69
train,Невель,Кандалакша,58
train,Ижевск,Губкинский,64
train,Губкинский,Ишим,51
train,Воркута,Котлас,37
train,Оленегорск,Сегежа,68
train,Архангельск,Белореченск,34
train,Усинск,Арзамас,46
train,Кола,Апатиты,52
train,Инта,Емва,64
train,Лабытнанги,Печора,50
train,Губкинский,Пыть-Ях,33
train,Апатиты,Оленегорск,58
train,Мичуринск,Архангельск,57
train,Ярославль,Северодвинск,43
train,Новый Уренгой,Кунгур,59
train,Сегежа,Апатиты,50
train,Киров,Ноябрьск,53
train,Медногорск,Ноябрьск,64
train,Лодейное Поле,Оленегорск,58
train,Усинск,Котельнич,61
train,Костомукша,Сортавала,63
train,Воркута,Луза,38
train,Полярные Зори,Вышний Волочёк,18
train,Новый Уренгой,Талица,16
train,Владимир,Новый Уренгой,38
train,Архангельск,Новочеркасск,37
train,Мураши,Инта,53
train,Беломорск,Медвежьегорск,17
train,Арзамас,Усинск,27
train,Воркута,Туапсе,25
train,Барабинск,Ноябрьск,53
train,Шахунья,Губкинский,25
train,Бежаницы,Мурманск,36
train,Котлас,Инта,45
train,Сегежа,Беломорск,49
train,Оленегорск,Вышний Волочёк,16
train,Урень,Новый Уренгой,39
train,Ноябрьск,Троицк,32
train,Ярославль,Лабытнанги,33
train,Белгород,Полярные Зори,48
train,Инта,Россошь,27
train,Орёл,Кандалакша,17
train,Беломорск,Мурманск,13
train,Воркута,Вельск,27
train,Ноябрьск,Нижний Тагил,33
train,Архангельск,Мичуринск,28
train,Новый Уренгой,Камбарка,43
train,Губкинский,Красноуфимск,16
train,Оленегорск,Беломорск,38
train,Кандалакша,Новгород Великий,20
train,Мурманск,Сокол,28
train,Воркута,Данилов,41
train,Апатиты,Порхов,14
train,Смоленск,Архангельск,23
train,Апатиты,Кандалакша,33
train,Усинск,Поворино,17
train,Губкинский,Камышлов,23
train,Ноябрьск,Камышлов,45
train,Кыштым,Губкинский,37
train,Сегежа,Полярные Зори,28
train,Медвежьегорск,Кемь,52
train,Архангельск,Курганинск,41
train,Ковров,Новый Уренгой,21
train,Архангельск,Тихвин,42
train,Волхов,Беломорск,46
train,Сочи,Архангельск,27
train,Невель,Кола,25
train,Сокол,Инта,49
train,Бологое,Беломорск,14
train,Апатиты,Подпорожье,53
train,Воркута,Курганинск,22
train,Емва,Воркута,15
train,Воркута,Новороссийск,18
train,Усинск,Армавир,22
train,Ноябрьск,Златоуст,46
train,Новый Уренгой,Заводоуковск,16
train,Воркута,Емва,50
train,Полярные Зори,Волхов,39
train,Вологда,Губкинский,29
train,Талица,Новый Уренгой,18
train,Тула,Апатиты,26
train,Тихвин,Архангельск,49
train,Новый Уренгой,Богданович,37
train,Инта,Пенза,40
train,Кемь,Псков,24
train,Новгород Великий,Кандалакша,29
train,Талица,Губкинский,45
train,Богданович,Губкинский,36
train,Северодвинск,Александров,18
train,Медвежьегорск,Апатиты,53
train,Губкинский,Медногорск,34
train,Кола,Орёл,44
train,Вологда,Полярные Зори,51
train,Инта,Александров,30
train,Кандалакша,Окуловка,32
train,Красноуфимск,Ноябрьск,39
train,Онега,Полярные Зори,24
train,Карталы,Губкинский,44
train,Усинск,Сочи,26
train,Воронеж,Архангельск,34
train,Воркута,Шахунья,49
train,Сегежа,Лодейное Поле,36
train,Оленегорск,Тула,38
train,Губкинский,Златоуст,16
train,Волхов,Полярные Зори,26
train,Кушва,Новый Уренгой,18
train,Тула,Мурманск,33
train,Чернушка,Губкинский,14
train,Мурманск,Тула,18
train,Оленегорск,Орёл,41
train,Санкт-Петербург,Новый Уренгой,44
train,Оленегорск,Лодейное Поле,41
train,Вологда,Ноябрьск,25
train,Орск,Губкинский,21
train,Новый Уренгой,Нижний Тагил,26
train,Красноуфимск,Губкинский,45
train,Кемь,Апатиты,40
train,Архангельск,Северодвинск,24
train,Воркута,Ростов-на-Дону,45
train,Кемь,Волхов,39
train,Няндома,Северодвинск,42
train,Губкинский,Оренбург,27
train,Бологое,Полярные Зори,26
train,Кола,Волхов,51
train,Воркута,Кропоткин,18
train,Новый Уренгой,Владимир,23
train,Ноябрьск,Кыштым,16
train,Ноябрьск,Вятские Поляны,47
train,Оленегорск,Апатиты,35
train,Ярославль,Инта,20
train,Северодвинск,Харовск,20
train,Лахденпохья,Костомукша,20
train,Белгород,Кандалакша,18
train,Печора,Лабытнанги,47
train,Губкинский,Новосибирск,13
train,Оленегорск,Бежаницы,17
train,Пенза,Воркута,21
train,Новгород Великий,Беломорск,36
train,Саранск,Воркута,42
train,Псков,Кандалакша,19
train,Вельск,Усинск,24
train,Курск,Апатиты,42
train,Усинск,Хадыженск,28
train,Северодвинск,Сокол,41
train,Бологое,Апатиты,48
train,Кемь,Медвежьегорск,16
train,Череповец,Воркута,45
train,Сосногорск,Лабытнанги,19
train,Новый Уренгой,Глазов,34
train,Ноябрьск,Кунгур,30
train,Кандалакша,Медвежьегорск,50
train,Кондопога,Мурманск,19
train,Новый Уренгой,Сим,26
train,Вельск,Воркута,37
train,Апатиты,Окуловка,43
train,Шахунья,Воркута,12
train,Бабаево,Инта,14
train,Воркута,Ртищево,47
train,Оленегорск,Псков,48
train,Камышлов,Губкинский,36
train,Татарск,Новый Уренгой,47
train,Оленегорск,Бологое,30
train,Апатиты,Кемь,41
train,Инта,Лабытнанги,37
train,Усинск,Лиски,31
train,Усинск,Вологда,26
train,Петрозаводск,Сегежа,28
train,Новый Уренгой,Череповец,35
train,Беломорск,Кемь,26
train,Полярные Зори,Бологое,22
train,Усинск,Белореченск,29
train,Инта,Тимашёвск,38
train,Верещагино,Ноябрьск,15
train,Медногорск,Губкинский,39
train,Семёнов,Усинск,17
train,Ростов Великий,Архангельск,15
train,Россошь,Усинск,52
train,Новый Уренгой,Медногорск,15
train,Можга,Новый Уренгой,16
train,Костомукша,Лахденпохья,16
train,Новый Уренгой,Аша,38
train,Котельнич,Новый Уренгой,49
train,Кропоткин,Архангельск,38
train,Новый Уренгой,Карталы,33
train,Архангельск,Ростов Великий,34
train,Миллерово,Архангельск,17
train,Инта,Котлас,47
train,Новый Уренгой,Чебаркуль,49
train,Курганинск,Архангельск,35
train,Камышлов,Ноябрьск,30
train,Воркута,Сочи,44
train,Сокол,Северодвинск,53
train,Камбарка,Губкинский,30
train,Верещагино,Новый Уренгой,28
train,Аша,Новый Уренгой,14
train,Тула,Оленегорск,43
train,Нижний Новгород,Инта,41
train,Усинск,Аркадак,44
train,Усинск,Шахунья,36
train,Порхов,Мурманск,24
train,Губкинский,Кыштым,28
train,Архангельск,Кола,21
train,Губкинский,Санкт-Петербург,38
train,Губкинский,Киров,30
train,Славянск-на-Кубани,Воркута,31
train,Мурманск,Порхов,16
train,Усинск,Кропоткин,44
