Название;Год;МО;Регион;Тип;Широта;Долгота;Численность населения
г. Архангельск;1939;ГО Архангельск;Архангельская область (без НАО);город;64.5401;40.5433;284570.0
г. Архангельск;1959;ГО Архангельск;Архангельская область (без НАО);город;64.5401;40.5433;256309.0
г. Архангельск;1970;ГО Архангельск;Архангельская область (без НАО);город;64.5401;40.5433;342590.0
г. Архангельск;1979;ГО Архангельск;Архангельская область (без НАО);город;64.5401;40.5433;385028.0
г. Архангельск;1989;ГО Архангельск;Архангельская область (без НАО);город;64.5401;40.5433;416812.0
г. Архангельск;2002;ГО Архангельск;Архангельская область (без НАО);город;64.5401;40.5433;356051.0
г. Архангельск;2010;ГО Архангельск;Архангельская область (без НАО);город;64.5401;40.5433;348783.0
г. Архангельск;2021;ГО Архангельск;Архангельская область (без НАО);город;64.5401;40.5433;301199.0
г. Анадырь;1970;ГО Анадырь;Чукотский АО;город;64.73424;177.5103;7703.0
г. Анадырь;1979;ГО Анадырь;Чукотский АО;город;64.73424;177.5103;12241.0
г. Анадырь;1989;ГО Анадырь;Чукотский АО;город;64.73424;177.5103;17660.0
г. Анадырь;2002;ГО Анадырь;Чукотский АО;город;64.73424;177.5103;11038.0
г. Анадырь;2010;ГО Анадырь;Чукотский АО;город;64.73424;177.5103;13045.0
г. Анадырь;2021;ГО Анадырь;Чукотский АО;город;64.73424;177.5103;13202.0
г. Апатиты;1970;МО Апатиты;Мурманская область;город;67.56414;33.4031;45627.0
г. Апатиты;1979;МО Апатиты;Мурманская область;город;67.56414;33.4031;62010.0
г. Апатиты;1989;МО Апатиты;Мурманская область;город;67.56414;33.4031;88066.0
г. Апатиты;2002;МО Апатиты;Мурманская область;город;67.56414;33.4031;64405.0
г. Апатиты;2010;МО Апатиты;Мурманская область;город;67.56414;33.4031;59672.0
г. Апатиты;2021;МО Апатиты;Мурманская область;город;67.56414;33.4031;49647.0
г. Беломорск;1939;МР Беломорский;Республика Карелия;город;64.52322;34.7668;12238.0
г. Беломорск;1959;МР Беломорский;Республика Карелия;город;64.52322;34.7668;14783.0
г. Беломорск;1970;МР Беломорский;Республика Карелия;город;64.52322;34.7668;16595.0
г. Беломорск;1979;МР Беломорский;Республика Карелия;город;64.52322;34.7668;18071.0
г. Беломорск;1989;МР Беломорский;Республика Карелия;город;64.52322;34.7668;17897.0
г. Беломорск;2002;МР Беломорский;Республика Карелия;город;64.52322;34.7668;13103.0
г. Беломорск;2010;МР Беломорский;Республика Карелия;город;64.52322;34.7668;11217.0
г. Беломорск;2021;МР Беломорский;Республика Карелия;город;64.52322;34.7668;7708.0
г. Билибино;2002;МР Билибинский;Чукотский АО;город;68.05464;166.43721;6181.0
г. Билибино;2010;МР Билибинский;Чукотский АО;город;68.05464;166.43721;5506.0
г. Билибино;2021;МР Билибинский;Чукотский АО;город;68.05464;166.43721;5546.0
г. Верхоянск;1939;МР Верхоянский;Республика Саха (Якутия);город;67.55387;133.38976;1569.0
г. Верхоянск;1959;МР Верхоянский;Республика Саха (Якутия);город;67.55387;133.38976;1410.0
г. Верхоянск;1970;МР Верхоянский;Республика Саха (Якутия);город;67.55387;133.38976;1864.0
г. Верхоянск;1979;МР Верхоянский;Республика Саха (Якутия);город;67.55387;133.38976;1709.0
г. Верхоянск;1989;МР Верхоянский;Республика Саха (Якутия);город;67.55387;133.38976;1902.0
г. Верхоянск;2002;МР Верхоянский;Республика Саха (Якутия);город;67.55387;133.38976;1434.0
г. Верхоянск;2010;МР Верхоянский;Республика Саха (Якутия);город;67.55387;133.38976;1311.0
г. Верхоянск;2021;МР Верхоянский;Республика Саха (Якутия);город;67.55387;133.38976;828.0
г. Воркута;1959;ГО Воркута;Республика Коми;город;67.49884;64.05253;55668.0
г. Воркута;1970;ГО Воркута;Республика Коми;город;67.49884;64.05253;89742.0
г. Воркута;1979;ГО Воркута;Республика Коми;город;67.49884;64.05253;100210.0
г. Воркута;1989;ГО Воркута;Республика Коми;город;67.49884;64.05253;115329.0
г. Воркута;2002;ГО Воркута;Республика Коми;город;67.49884;64.05253;84917.0
г. Воркута;2010;ГО Воркута;Республика Коми;город;67.49884;64.05253;70548.0
г. Воркута;2021;ГО Воркута;Республика Коми;город;67.49884;64.05253;56985.0
г. Гаджиево;2002;ЗАТО Александровск;Мурманская область;город;69.25506;33.33616;12180.0
г. Гаджиево;2010;ЗАТО Александровск;Мурманская область;город;69.25506;33.33616;11068.0
г. Гаджиево;2021;ЗАТО Александровск;Мурманская область;город;69.25506;33.33616;9297.0
г. Губкинский;2002;ГО Губкинский;Ямало-Ненецкий АО;город;64.434;76.50261;20407.0
г. Губкинский;2010;ГО Губкинский;Ямало-Ненецкий АО;город;64.434;76.50261;23335.0
г. Губкинский;2021;ГО Губкинский;Ямало-Ненецкий АО;город;64.434;76.50261;33273.0
г. Дудинка;1959;МР Таймырский Долгано-Ненецкий;Красноярский край;город;69.40583;86.17778;16332.0
г. Дудинка;1970;МР Таймырский Долгано-Ненецкий;Красноярский край;город;69.40583;86.17778;19701.0
г. Дудинка;1979;МР Таймырский Долгано-Ненецкий;Красноярский край;город;69.40583;86.17778;24758.0
г. Дудинка;1989;МР Таймырский Долгано-Ненецкий;Красноярский край;город;69.40583;86.17778;32180.0
г. Дудинка;2002;МР Таймырский Долгано-Ненецкий;Красноярский край;город;69.40583;86.17778;25132.0
г. Дудинка;2010;МР Таймырский Долгано-Ненецкий;Красноярский край;город;69.40583;86.17778;22175.0
г. Дудинка;2021;МР Таймырский Долгано-Ненецкий;Красноярский край;город;69.40583;86.17778;19556.0
г. Заозерск;2002;ЗАТО Заозерск;Мурманская область;город;69.40052;32.44761;12687.0
г. Заозерск;2010;ЗАТО Заозерск;Мурманская область;город;69.40052;32.44761;11199.0
г. Заозерск;2021;ЗАТО Заозерск;Мурманская область;город;69.40052;32.44761;7762.0
г. Заполярный;1970;МР Печенгский;Мурманская область;город;69.41541;30.81355;22084.0
г. Заполярный;1979;МР Печенгский;Мурманская область;город;69.41541;30.81355;21172.0
г. Заполярный;1989;МР Печенгский;Мурманская область;город;69.41541;30.81355;24231.0
г. Заполярный;2002;МР Печенгский;Мурманская область;город;69.41541;30.81355;18640.0
г. Заполярный;2010;МР Печенгский;Мурманская область;город;69.41541;30.81355;15825.0
г. Заполярный;2021;МР Печенгский;Мурманская область;город;69.41541;30.81355;14791.0
г. Игарка;1939;МР Туруханский;Красноярский край;город;67.4655;86.6027;23648.0
г. Игарка;1959;МР Туруханский;Красноярский край;город;67.4655;86.6027;14311.0
г. Игарка;1970;МР Туруханский;Красноярский край;город;67.4655;86.6027;15624.0
г. Игарка;1979;МР Туруханский;Красноярский край;город;67.4655;86.6027;16335.0
г. Игарка;1989;МР Туруханский;Красноярский край;город;67.4655;86.6027;19045.0
г. Игарка;2002;МР Туруханский;Красноярский край;город;67.4655;86.6027;8627.0
г. Игарка;2010;МР Туруханский;Красноярский край;город;67.4655;86.6027;6183.0
г. Игарка;2021;МР Туруханский;Красноярский край;город;67.4655;86.6027;3634.0
г. Инта;1959;ГО Инта;Республика Коми;город;66.03169;60.16594;45136.0
г. Инта;1970;ГО Инта;Республика Коми;город;66.03169;60.16594;50178.0
г. Инта;1979;ГО Инта;Республика Коми;город;66.03169;60.16594;50862.0
г. Инта;1989;ГО Инта;Республика Коми;город;66.03169;60.16594;61798.0
г. Инта;2002;ГО Инта;Республика Коми;город;66.03169;60.16594;41217.0
г. Инта;2010;ГО Инта;Республика Коми;город;66.03169;60.16594;32080.0
г. Инта;2021;ГО Инта;Республика Коми;город;66.03169;60.16594;20271.0
г. Кайеркан;1989;ГО Норильск;Красноярский край;город;69.37861;87.74389;29824.0
г. Кайеркан;2002;ГО Норильск;Красноярский край;город;69.37861;87.74389;27116.0
г. Кандалакша;1939;МР Кандалакшский;Мурманская область;город;67.15123;32.41284;22172.0
г. Кандалакша;1959;МР Кандалакшский;Мурманская область;город;67.15123;32.41284;38222.0
г. Кандалакша;1970;МР Кандалакшский;Мурманская область;город;67.15123;32.41284;42656.0
г. Кандалакша;1979;МР Кандалакшский;Мурманская область;город;67.15123;32.41284;45430.0
г. Кандалакша;1989;МР Кандалакшский;Мурманская область;город;67.15123;32.41284;54246.0
г. Кандалакша;2002;МР Кандалакшский;Мурманская область;город;67.15123;32.41284;40564.0
г. Кандалакша;2010;МР Кандалакшский;Мурманская область;город;67.15123;32.41284;35654.0
г. Кандалакша;2021;МР Кандалакшский;Мурманская область;город;67.15123;32.41284;29138.0
г. Кемь;1939;МР Кемский;Республика Карелия;город;64.95546;34.57929;16624.0
г. Кемь;1959;МР Кемский;Республика Карелия;город;64.95546;34.57929;18127.0
г. Кемь;1970;МР Кемский;Республика Карелия;город;64.95546;34.57929;21025.0
г. Кемь;1979;МР Кемский;Республика Карелия;город;64.95546;34.57929;20962.0
г. Кемь;1989;МР Кемский;Республика Карелия;город;64.95546;34.57929;17637.0
г. Кемь;2002;МР Кемский;Республика Карелия;город;64.95546;34.57929;14620.0
г. Кемь;2010;МР Кемский;Республика Карелия;город;64.95546;34.57929;13051.0
г. Кемь;2021;МР Кемский;Республика Карелия;город;64.95546;34.57929;10018.0
г. Кировск;1939;МО Кировск;Мурманская область;город;67.61475;33.67274;22542.0
г. Кировск;1959;МО Кировск;Мурманская область;город;67.61475;33.67274;39047.0
г. Кировск;1970;МО Кировск;Мурманская область;город;67.61475;33.67274;38484.0
г. Кировск;1979;МО Кировск;Мурманская область;город;67.61475;33.67274;40521.0
г. Кировск;1989;МО Кировск;Мурманская область;город;67.61475;33.67274;43629.0
г. Кировск;2002;МО Кировск;Мурманская область;город;67.61475;33.67274;31593.0
г. Кировск;2010;МО Кировск;Мурманская область;город;67.61475;33.67274;28625.0
г. Кировск;2021;МО Кировск;Мурманская область;город;67.61475;33.67274;24857.0
г. Ковдор;1970;МО Ковдорский;Мурманская область;город;67.56616;30.47576;12387.0
г. Ковдор;1979;МО Ковдорский;Мурманская область;город;67.56616;30.47576;23211.0
г. Ковдор;1989;МО Ковдорский;Мурманская область;город;67.56616;30.47576;31229.0
г. Ковдор;2002;МО Ковдорский;Мурманская область;город;67.56616;30.47576;20867.0
г. Ковдор;2010;МО Ковдорский;Мурманская область;город;67.56616;30.47576;18820.0
г. Ковдор;2021;МО Ковдорский;Мурманская область;город;67.56616;30.47576;15770.0
г. Кола;1970;МР Кольский;Мурманская область;город;68.88062;33.01842;12085.0
г. Кола;1979;МР Кольский;Мурманская область;город;68.88062;33.01842;13301.0
г. Кола;1989;МР Кольский;Мурманская область;город;68.88062;33.01842;16701.0
г. Кола;2002;МР Кольский;Мурманская область;город;68.88062;33.01842;11060.0
г. Кола;2010;МР Кольский;Мурманская область;город;68.88062;33.01842;10437.0
г. Кола;2021;МР Кольский;Мурманская область;город;68.88062;33.01842;9016.0
г. Костомукша;1989;ГО Костомукша;Республика Карелия;город;64.571;30.57667;31192.0
г. Костомукша;2002;ГО Костомукша;Республика Карелия;город;64.571;30.57667;29746.0
г. Костомукша;2010;ГО Костомукша;Республика Карелия;город;64.571;30.57667;28436.0
г. Костомукша;2021;ГО Костомукша;Республика Карелия;город;64.571;30.57667;26048.0
г. Лабытнанги;1979;ГО Лабытнанги;Ямало-Ненецкий АО;город;66.65722;66.41833;17667.0
г. Лабытнанги;1989;ГО Лабытнанги;Ямало-Ненецкий АО;город;66.65722;66.41833;32331.0
г. Лабытнанги;2002;ГО Лабытнанги;Ямало-Ненецкий АО;город;66.65722;66.41833;27304.0
г. Лабытнанги;2010;ГО Лабытнанги;Ямало-Ненецкий АО;город;66.65722;66.41833;26936.0
г. Лабытнанги;2021;ГО Лабытнанги;Ямало-Ненецкий АО;город;66.65722;66.41833;25501.0
г. Мезень ;1939;МР Мезенский;Архангельская область (без НАО);город;65.8401;44.2542;3874.0
г. Мезень ;1959;МР Мезенский;Архангельская область (без НАО);город;65.8401;44.2542;4077.0
г. Мезень ;1970;МР Мезенский;Архангельская область (без НАО);город;65.8401;44.2542;4236.0
г. Мезень ;1979;МР Мезенский;Архангельская область (без НАО);город;65.8401;44.2542;4812.0
г. Мезень ;1989;МР Мезенский;Архангельская область (без НАО);город;65.8401;44.2542;4984.0
г. Мезень ;2002;МР Мезенский;Архангельская область (без НАО);город;65.8401;44.2542;3863.0
г. Мезень ;2010;МР Мезенский;Архангельская область (без НАО);город;65.8401;44.2542;3575.0
г. Мезень ;2021;МР Мезенский;Архангельская область (без НАО);город;65.8401;44.2542;2874.0
г. Мончегорск;1939;МО Мончегорск;Мурманская область;город;67.93972;32.87389;28450.0
г. Мончегорск;1959;МО Мончегорск;Мурманская область;город;67.93972;32.87389;45523.0
г. Мончегорск;1970;МО Мончегорск;Мурманская область;город;67.93972;32.87389;45980.0
г. Мончегорск;1979;МО Мончегорск;Мурманская область;город;67.93972;32.87389;51401.0
г. Мончегорск;1989;МО Мончегорск;Мурманская область;город;67.93972;32.87389;70856.0
г. Мончегорск;2002;МО Мончегорск;Мурманская область;город;67.93972;32.87389;52242.0
г. Мончегорск;2010;МО Мончегорск;Мурманская область;город;67.93972;32.87389;45361.0
г. Мончегорск;2021;МО Мончегорск;Мурманская область;город;67.93972;32.87389;39962.0
г. Муравленко;2002;ГО Муравленко;Ямало-Ненецкий АО;город;63.78977;74.52301;35926.0
г. Муравленко;2010;ГО Муравленко;Ямало-Ненецкий АО;город;63.78977;74.52301;33391.0
г. Муравленко;2021;ГО Муравленко;Ямало-Ненецкий АО;город;63.78977;74.52301;29233.0
г. Мурманск;1939;ГО Мурманск;Мурманская область;город;68.97917;33.09251;117069.0
г. Мурманск;1959;ГО Мурманск;Мурманская область;город;68.97917;33.09251;221874.0
г. Мурманск;1970;ГО Мурманск;Мурманская область;город;68.97917;33.09251;308642.0
г. Мурманск;1979;ГО Мурманск;Мурманская область;город;68.97917;33.09251;380817.0
г. Мурманск;1989;ГО Мурманск;Мурманская область;город;68.97917;33.09251;472274.0
г. Мурманск;2002;ГО Мурманск;Мурманская область;город;68.97917;33.09251;336137.0
г. Мурманск;2010;ГО Мурманск;Мурманская область;город;68.97917;33.09251;307257.0
г. Мурманск;2021;ГО Мурманск;Мурманская область;город;68.97917;33.09251;270384.0
г. Надым;1979;МО Надымский;Ямало-Ненецкий АО;город;65.53333;72.51667;26058.0
г. Надым;1989;МО Надымский;Ямало-Ненецкий АО;город;65.53333;72.51667;53659.0
г. Надым;2002;МО Надымский;Ямало-Ненецкий АО;город;65.53333;72.51667;45943.0
г. Надым;2010;МО Надымский;Ямало-Ненецкий АО;город;65.53333;72.51667;46611.0
г. Надым;2021;МО Надымский;Ямало-Ненецкий АО;город;65.53333;72.51667;45973.0
г. Нарьян-Мар;1939;ГО Нарьян-Мар;Ненецкий АО;город;67.63869;53.00371;13670.0
г. Нарьян-Мар;1959;ГО Нарьян-Мар;Ненецкий АО;город;67.63869;53.00371;13222.0
г. Нарьян-Мар;1970;ГО Нарьян-Мар;Ненецкий АО;город;67.63869;53.00371;16864.0
г. Нарьян-Мар;1979;ГО Нарьян-Мар;Ненецкий АО;город;67.63869;53.00371;23435.0
г. Нарьян-Мар;1989;ГО Нарьян-Мар;Ненецкий АО;город;67.63869;53.00371;20012.0
г. Нарьян-Мар;2002;ГО Нарьян-Мар;Ненецкий АО;город;67.63869;53.00371;18611.0
г. Нарьян-Мар;2010;ГО Нарьян-Мар;Ненецкий АО;город;67.63869;53.00371;21658.0
г. Нарьян-Мар;2021;ГО Нарьян-Мар;Ненецкий АО;город;67.63869;53.00371;23399.0
г. Новодвинск;1979;ГО Новодвинск;Архангельская область (без НАО);город;64.4165;40.8122;47764.0
г. Новодвинск;1989;ГО Новодвинск;Архангельская область (без НАО);город;64.4165;40.8122;49787.0
г. Новодвинск;2002;ГО Новодвинск;Архангельская область (без НАО);город;64.4165;40.8122;43383.0
г. Новодвинск;2010;ГО Новодвинск;Архангельская область (без НАО);город;64.4165;40.8122;40615.0
г. Новодвинск;2021;ГО Новодвинск;Архангельская область (без НАО);город;64.4165;40.8122;33294.0
г. Новый Уренгой;1989;ГО Новый Уренгой;Ямало-Ненецкий АО;город;66.08333;76.63333;95254.0
г. Новый Уренгой;2002;ГО Новый Уренгой;Ямало-Ненецкий АО;город;66.08333;76.63333;94456.0
г. Новый Уренгой;2010;ГО Новый Уренгой;Ямало-Ненецкий АО;город;66.08333;76.63333;104107.0
г. Новый Уренгой;2021;ГО Новый Уренгой;Ямало-Ненецкий АО;город;66.08333;76.63333;107251.0
г. Норильск;1959;ГО Норильск;Красноярский край;город;69.3535;88.2027;109442.0
г. Норильск;1970;ГО Норильск;Красноярский край;город;69.3535;88.2027;135487.0
г. Норильск;1979;ГО Норильск;Красноярский край;город;69.3535;88.2027;180358.0
г. Норильск;1989;ГО Норильск;Красноярский край;город;69.3535;88.2027;179757.0
г. Норильск;2002;ГО Норильск;Красноярский край;город;69.3535;88.2027;134832.0
г. Норильск;2010;ГО Норильск;Красноярский край;город;69.3535;88.2027;175365.0
г. Норильск;2021;ГО Норильск;Красноярский край;город;69.3535;88.2027;174453.0
г. Ноябрьск;1989;ГО Ноябрьск;Ямало-Ненецкий АО;город;63.19309;75.43728;87144.0
г. Ноябрьск;2002;ГО Ноябрьск;Ямало-Ненецкий АО;город;63.19309;75.43728;96440.0
г. Ноябрьск;2010;ГО Ноябрьск;Ямало-Ненецкий АО;город;63.19309;75.43728;110620.0
г. Ноябрьск;2021;ГО Ноябрьск;Ямало-Ненецкий АО;город;63.19309;75.43728;100188.0
г. Оленегорск;1959;МО Оленегорск;Мурманская область;город;68.1432;33.25287;12110.0
г. Оленегорск;1970;МО Оленегорск;Мурманская область;город;68.1432;33.25287;21485.0
г. Оленегорск;1979;МО Оленегорск;Мурманская область;город;68.1432;33.25287;27369.0
г. Оленегорск;1989;МО Оленегорск;Мурманская область;город;68.1432;33.25287;36377.0
г. Оленегорск;2002;МО Оленегорск;Мурманская область;город;68.1432;33.25287;25166.0
г. Оленегорск;2010;МО Оленегорск;Мурманская область;город;68.1432;33.25287;23072.0
г. Оленегорск;2021;МО Оленегорск;Мурманская область;город;68.1432;33.25287;21438.0
г. Онега;1939;МР Онежский;Архангельская область (без НАО);город;63.919;38.08355;15783.0
г. Онега;1959;МР Онежский;Архангельская область (без НАО);город;63.919;38.08355;21306.0
г. Онега;1970;МР Онежский;Архангельская область (без НАО);город;63.919;38.08355;25047.0
г. Онега;1979;МР Онежский;Архангельская область (без НАО);город;63.919;38.08355;24986.0
г. Онега;1989;МР Онежский;Архангельская область (без НАО);город;63.919;38.08355;25748.0
г. Онега;2002;МР Онежский;Архангельская область (без НАО);город;63.919;38.08355;23430.0
г. Онега;2010;МР Онежский;Архангельская область (без НАО);город;63.919;38.08355;21359.0
г. Онега;2021;МР Онежский;Архангельская область (без НАО);город;63.919;38.08355;16947.0
г. Островной;2002;ЗАТО Островной;Мурманская область;город;68.05306;39.51306;5032.0
г. Островной;2010;ЗАТО Островной;Мурманская область;город;68.05306;39.51306;2171.0
г. Островной;2021;ЗАТО Островной;Мурманская область;город;68.05306;39.51306;1487.0
г. Певек;1970;ГО Певек;Чукотский АО;город;69.70287;170.29993;10528.0
г. Певек;1979;ГО Певек;Чукотский АО;город;69.70287;170.29993;11060.0
г. Певек;1989;ГО Певек;Чукотский АО;город;69.70287;170.29993;13299.0
г. Певек;2002;ГО Певек;Чукотский АО;город;69.70287;170.29993;5206.0
г. Певек;2010;ГО Певек;Чукотский АО;город;69.70287;170.29993;4162.0
г. Певек;2021;ГО Певек;Чукотский АО;город;69.70287;170.29993;4015.0
г. Полярные Зори;2002;МО Полярные Зори;Мурманская область;город;67.36611;32.49806;15910.0
г. Полярные Зори;2010;МО Полярные Зори;Мурманская область;город;67.36611;32.49806;15096.0
г. Полярные Зори;2021;МО Полярные Зори;Мурманская область;город;67.36611;32.49806;14146.0
г. Полярный;1959;ЗАТО Александровск;Мурманская область;город;69.19889;33.44778;11354.0
г. Полярный;1970;ЗАТО Александровск;Мурманская область;город;69.19889;33.44778;15321.0
г. Полярный;1979;ЗАТО Александровск;Мурманская область;город;69.19889;33.44778;20015.0
г. Полярный;1989;ЗАТО Александровск;Мурманская область;город;69.19889;33.44778;28545.0
г. Полярный;2002;ЗАТО Александровск;Мурманская область;город;69.19889;33.44778;18552.0
г. Полярный;2010;ЗАТО Александровск;Мурманская область;город;69.19889;33.44778;17293.0
г. Полярный;2021;ЗАТО Александровск;Мурманская область;город;69.19889;33.44778;12293.0
г. Салехард;1939;ГО Салехард;Ямало-Ненецкий АО;город;66.53;66.60194;12764.0
г. Салехард;1959;ГО Салехард;Ямало-Ненецкий АО;город;66.53;66.60194;16567.0
г. Салехард;1970;ГО Салехард;Ямало-Ненецкий АО;город;66.53;66.60194;21929.0
г. Салехард;1979;ГО Салехард;Ямало-Ненецкий АО;город;66.53;66.60194;24935.0
г. Салехард;1989;ГО Салехард;Ямало-Ненецкий АО;город;66.53;66.60194;33207.0
г. Салехард;2002;ГО Салехард;Ямало-Ненецкий АО;город;66.53;66.60194;36827.0
г. Салехард;2010;ГО Салехард;Ямало-Ненецкий АО;город;66.53;66.60194;42544.0
г. Салехард;2021;ГО Салехард;Ямало-Ненецкий АО;город;66.53;66.60194;47910.0
г. Северодвинск;1939;ГО Северодвинск;Архангельская область (без НАО);город;64.5635;39.8302;21304.0
г. Северодвинск;1959;ГО Северодвинск;Архангельская область (без НАО);город;64.5635;39.8302;78657.0
г. Северодвинск;1970;ГО Северодвинск;Архангельская область (без НАО);город;64.5635;39.8302;144672.0
г. Северодвинск;1979;ГО Северодвинск;Архангельская область (без НАО);город;64.5635;39.8302;197232.0
г. Северодвинск;1989;ГО Северодвинск;Архангельская область (без НАО);город;64.5635;39.8302;253864.0
г. Северодвинск;2002;ГО Северодвинск;Архангельская область (без НАО);город;64.5635;39.8302;201551.0
г. Северодвинск;2010;ГО Северодвинск;Архангельская область (без НАО);город;64.5635;39.8302;192353.0
г. Северодвинск;2021;ГО Северодвинск;Архангельская область (без НАО);город;64.5635;39.8302;157213.0
г. Североморск;1959;ЗАТО Североморск;Мурманская область;город;69.06889;33.41622;28116.0
г. Североморск;1970;ЗАТО Североморск;Мурманская область;город;69.06889;33.41622;40919.0
г. Североморск;1979;ЗАТО Североморск;Мурманская область;город;69.06889;33.41622;50090.0
г. Североморск;1989;ЗАТО Североморск;Мурманская область;город;69.06889;33.41622;63495.0
г. Североморск;2002;ЗАТО Североморск;Мурманская область;город;69.06889;33.41622;55102.0
г. Североморск;2010;ЗАТО Североморск;Мурманская область;город;69.06889;33.41622;50060.0
г. Североморск;2021;ЗАТО Североморск;Мурманская область;город;69.06889;33.41622;43327.0
г. Сегежа;1959;МР Сегежский;Республика Карелия;город;63.74147;34.32218;19708.0
г. Сегежа;1970;МР Сегежский;Республика Карелия;город;63.74147;34.32218;28810.0
г. Сегежа;1979;МР Сегежский;Республика Карелия;город;63.74147;34.32218;36420.0
г. Сегежа;1989;МР Сегежский;Республика Карелия;город;63.74147;34.32218;37707.0
г. Сегежа;2002;МР Сегежский;Республика Карелия;город;63.74147;34.32218;34214.0
г. Сегежа;2010;МР Сегежский;Республика Карелия;город;63.74147;34.32218;29631.0
г. Сегежа;2021;МР Сегежский;Республика Карелия;город;63.74147;34.32218;23543.0
г. Снежногорск;2002;ЗАТО Александровск;Мурманская область;город;69.19333;33.25314;12737.0
г. Снежногорск;2010;ЗАТО Александровск;Мурманская область;город;69.19333;33.25314;12683.0
г. Снежногорск;2021;ЗАТО Александровск;Мурманская область;город;69.19333;33.25314;9942.0
г. Среднеколымск;1939;МР Среднеколымский;Республика Саха (Якутия);город;67.45659;153.70246;2029.0
г. Среднеколымск;1959;МР Среднеколымский;Республика Саха (Якутия);город;67.45659;153.70246;2088.0
г. Среднеколымск;1970;МР Среднеколымский;Республика Саха (Якутия);город;67.45659;153.70246;2729.0
г. Среднеколымск;1979;МР Среднеколымский;Республика Саха (Якутия);город;67.45659;153.70246;3309.0
г. Среднеколымск;1989;МР Среднеколымский;Республика Саха (Якутия);город;67.45659;153.70246;4384.0
г. Среднеколымск;2002;МР Среднеколымский;Республика Саха (Якутия);город;67.45659;153.70246;3587.0
г. Среднеколымск;2010;МР Среднеколымский;Республика Саха (Якутия);город;67.45659;153.70246;3525.0
г. Среднеколымск;2021;МР Среднеколымский;Республика Саха (Якутия);город;67.45659;153.70246;3131.0
г. Талнах;1989;ГО Норильск;Красноярский край;город;69.4865;88.3972;65710.0
г. Талнах;2002;ГО Норильск;Красноярский край;город;69.4865;88.3972;58654.0
г. Тарко-Сале;2010;МО Пуровский;Ямало-Ненецкий АО;город;64.91611;77.77457;20398.0
г. Тарко-Сале;2021;МО Пуровский;Ямало-Ненецкий АО;город;64.91611;77.77457;19900.0
г. Усинск;1989;ГО Усинск;Республика Коми;город;65.99389;57.52806;47419.0
г. Усинск;2002;ГО Усинск;Республика Коми;город;65.99389;57.52806;45358.0
г. Усинск;2010;ГО Усинск;Республика Коми;город;65.99389;57.52806;40827.0
г. Усинск;2021;ГО Усинск;Республика Коми;город;65.99389;57.52806;32182.0
пгт Абезь;1959;ГО Инта;Республика Коми;пгт;66.53333;61.78333;3040.0
пгт Абезь;1970;ГО Инта;Республика Коми;пгт;66.53333;61.78333;741.0
пгт Абезь;1979;ГО Инта;Республика Коми;пгт;66.53333;61.78333;866.0
пгт Абезь;1989;ГО Инта;Республика Коми;пгт;66.53333;61.78333;864.0
пгт Алискерово;1970;МР Билибинский;Чукотский АО;пгт;67.77604;167.52406;1245.0
пгт Алискерово;1979;МР Билибинский;Чукотский АО;пгт;67.77604;167.52406;1170.0
пгт Алискерово;1989;МР Билибинский;Чукотский АО;пгт;67.77604;167.52406;1406.0
пгт Алискерово;2002;МР Билибинский;Чукотский АО;пгт;67.77604;167.52406;7.0
пгт Амбарный;1959;МР Лоухский;Республика Карелия;пгт;65.89559;33.72756;1997.0
пгт Амбарный;1970;МР Лоухский;Республика Карелия;пгт;65.89559;33.72756;2004.0
пгт Амбарный;1979;МР Лоухский;Республика Карелия;пгт;65.89559;33.72756;1579.0
пгт Амбарный;1989;МР Лоухский;Республика Карелия;пгт;65.89559;33.72756;1414.0
пгт Амдерма;1959;МР Заполярный;Ненецкий АО;пгт;69.7576;61.6655;3598.0
пгт Амдерма;1970;МР Заполярный;Ненецкий АО;пгт;69.7576;61.6655;4516.0
пгт Амдерма;1979;МР Заполярный;Ненецкий АО;пгт;69.7576;61.6655;4221.0
пгт Амдерма;1989;МР Заполярный;Ненецкий АО;пгт;69.7576;61.6655;5469.0
пгт Амдерма;2002;МР Заполярный;Ненецкий АО;пгт;69.7576;61.6655;650.0
пгт Анадырь;1939;ГО Анадырь;Чукотский АО;пгт;64.73424;177.5103;3344.0
пгт Анадырь;1959;ГО Анадырь;Чукотский АО;пгт;64.73424;177.5103;5859.0
пгт Апатиты;1939;МО Апатиты;Мурманская область;пгт;67.56414;33.4031;4409.0
пгт Апатиты;1959;МО Апатиты;Мурманская область;пгт;67.56414;33.4031;13958.0
пгт Африканда;1959;МО Полярные Зори;Мурманская область;пгт;67.44289;32.78279;3412.0
пгт Африканда;1970;МО Полярные Зори;Мурманская область;пгт;67.44289;32.78279;2908.0
пгт Африканда;1979;МО Полярные Зори;Мурманская область;пгт;67.44289;32.78279;2803.0
пгт Африканда;1989;МО Полярные Зори;Мурманская область;пгт;67.44289;32.78279;3544.0
пгт Африканда;2002;МО Полярные Зори;Мурманская область;пгт;67.44289;32.78279;1908.0
пгт Бараниха;1970;ГО Певек;Чукотский АО;пгт;68.50062;168.26541;1995.0
пгт Бараниха;1979;ГО Певек;Чукотский АО;пгт;68.50062;168.26541;1957.0
пгт Бараниха;1989;ГО Певек;Чукотский АО;пгт;68.50062;168.26541;2083.0
пгт Бараниха;2002;ГО Певек;Чукотский АО;пгт;68.50062;168.26541;33.0
пгт Батагай;1959;МР Верхнеколымский ;Республика Саха (Якутия);пгт;67.6509;134.6414;5821.0
пгт Батагай;1970;МР Верхнеколымский ;Республика Саха (Якутия);пгт;67.6509;134.6414;6318.0
пгт Батагай;1979;МР Верхнеколымский ;Республика Саха (Якутия);пгт;67.6509;134.6414;6414.0
пгт Батагай;1989;МР Верхнеколымский ;Республика Саха (Якутия);пгт;67.6509;134.6414;8383.0
пгт Батагай;2002;МР Верхнеколымский ;Республика Саха (Якутия);пгт;67.6509;134.6414;4589.0
пгт Батагай;2010;МР Верхнеколымский ;Республика Саха (Якутия);пгт;67.6509;134.6414;4369.0
пгт Батагай;2021;МР Верхнеколымский ;Республика Саха (Якутия);пгт;67.6509;134.6414;3753.0
пгт Белая Гора;1979;МР Абыйский;Республика Саха (Якутия);пгт;68.53805;146.18583;1955.0
пгт Белая Гора;1989;МР Абыйский;Республика Саха (Якутия);пгт;68.53805;146.18583;3553.0
пгт Белая Гора;2002;МР Абыйский;Республика Саха (Якутия);пгт;68.53805;146.18583;2463.0
пгт Белая Гора;2010;МР Абыйский;Республика Саха (Якутия);пгт;68.53805;146.18583;2245.0
пгт Белая Гора;2021;МР Абыйский;Республика Саха (Якутия);пгт;68.53805;146.18583;1927.0
пгт Белушья Губа;2010;ГО Новая Земля;Архангельская область (без НАО);пгт;71.53924;52.33212;1972.0
пгт Белушья Губа;2021;ГО Новая Земля;Архангельская область (без НАО);пгт;71.53924;52.33212;1972.0
пгт Беринговский;1959;МР Анадырский;Чукотский АО;пгт;63.06101;179.35046;2788.0
пгт Беринговский;1970;МР Анадырский;Чукотский АО;пгт;63.06101;179.35046;2173.0
пгт Беринговский;1979;МР Анадырский;Чукотский АО;пгт;63.06101;179.35046;2952.0
пгт Беринговский;1989;МР Анадырский;Чукотский АО;пгт;63.06101;179.35046;3213.0
пгт Беринговский;2002;МР Анадырский;Чукотский АО;пгт;63.06101;179.35046;1998.0
пгт Беринговский;2010;МР Анадырский;Чукотский АО;пгт;63.06101;179.35046;1401.0
пгт Беринговский;2021;МР Анадырский;Чукотский АО;пгт;63.06101;179.35046;1104.0
пгт Билибино;1959;МР Билибинский;Чукотский АО;пгт;68.05464;166.43721;635.0
пгт Билибино;1970;МР Билибинский;Чукотский АО;пгт;68.05464;166.43721;10693.0
пгт Билибино;1979;МР Билибинский;Чукотский АО;пгт;68.05464;166.43721;12711.0
пгт Билибино;1989;МР Билибинский;Чукотский АО;пгт;68.05464;166.43721;16296.0
пгт Боровой;1970;МР Калевальский;Республика Карелия;пгт;64.6121;32.24968;1953.0
пгт Боровой;1979;МР Калевальский;Республика Карелия;пгт;64.6121;32.24968;2810.0
пгт Боровой;1989;МР Калевальский;Республика Карелия;пгт;64.6121;32.24968;3118.0
пгт Быковский;1959;МР Булунский;Республика Саха (Якутия);пгт;72.00438;129.11091;816.0
пгт Быковский;1970;МР Булунский;Республика Саха (Якутия);пгт;72.00438;129.11091;658.0
пгт Быковский;1979;МР Булунский;Республика Саха (Якутия);пгт;72.00438;129.11091;592.0
пгт Быковский;1989;МР Булунский;Республика Саха (Якутия);пгт;72.00438;129.11091;653.0
пгт Валькумей;1959;ГО Певек;Чукотский АО;пгт;69.6003;170.18371;2017.0
пгт Валькумей;1970;ГО Певек;Чукотский АО;пгт;69.6003;170.18371;3059.0
пгт Валькумей;1979;ГО Певек;Чукотский АО;пгт;69.6003;170.18371;3417.0
пгт Валькумей;1989;ГО Певек;Чукотский АО;пгт;69.6003;170.18371;4042.0
пгт Валькумей;2002;ГО Певек;Чукотский АО;пгт;69.6003;170.18371;0.0
пгт Верхнеколвинск;1989;ГО Усинск;Республика Коми;пгт;66.6675;56.99806;1345.0
пгт Верхнетуломский;1970;МР Кольский;Мурманская область;пгт;68.60727;31.79621;1609.0
пгт Верхнетуломский;1979;МР Кольский;Мурманская область;пгт;68.60727;31.79621;2612.0
пгт Верхнетуломский;1989;МР Кольский;Мурманская область;пгт;68.60727;31.79621;2831.0
пгт Верхнетуломский;2002;МР Кольский;Мурманская область;пгт;68.60727;31.79621;2003.0
пгт Верхнетуломский;2010;МР Кольский;Мурманская область;пгт;68.60727;31.79621;1580.0
пгт Верхнетуломский;2021;МР Кольский;Мурманская область;пгт;68.60727;31.79621;1320.0
пгт Верхняя Инта;1959;ГО Инта;Республика Коми;пгт;65.98115;60.30945;6675.0
пгт Верхняя Инта;1970;ГО Инта;Республика Коми;пгт;65.98115;60.30945;4555.0
пгт Верхняя Инта;1979;ГО Инта;Республика Коми;пгт;65.98115;60.30945;4284.0
пгт Верхняя Инта;1989;ГО Инта;Республика Коми;пгт;65.98115;60.30945;4109.0
пгт Верхняя Инта;2002;ГО Инта;Республика Коми;пгт;65.98115;60.30945;2077.0
пгт Верхняя Инта;2010;ГО Инта;Республика Коми;пгт;65.98115;60.30945;1106.0
пгт Верхняя Инта;2021;ГО Инта;Республика Коми;пгт;65.98115;60.30945;438.0
пгт Вирандозеро;1959;МР Беломорский;Республика Карелия;пгт;64.0197;36.0118;3246.0
пгт Вирандозеро;1970;МР Беломорский;Республика Карелия;пгт;64.0197;36.0118;2465.0
пгт Вирандозеро;1979;МР Беломорский;Республика Карелия;пгт;64.0197;36.0118;1493.0
пгт Вирандозеро;1989;МР Беломорский;Республика Карелия;пгт;64.0197;36.0118;1223.0
пгт Власово;1979;МР Усть-Янский;Республика Саха (Якутия);пгт;70.74401;134.80058;2008.0
пгт Власово;1989;МР Усть-Янский;Республика Саха (Якутия);пгт;70.74401;134.80058;2087.0
пгт Воргашор;1970;ГО Воркута;Республика Коми;пгт;67.58355;63.79399;11812.0
пгт Воргашор;1979;ГО Воркута;Республика Коми;пгт;67.58355;63.79399;18488.0
пгт Воргашор;1989;ГО Воркута;Республика Коми;пгт;67.58355;63.79399;25915.0
пгт Воргашор;2002;ГО Воркута;Республика Коми;пгт;67.58355;63.79399;19100.0
пгт Воргашор;2010;ГО Воркута;Республика Коми;пгт;67.58355;63.79399;12044.0
пгт Воргашор;2021;ГО Воркута;Республика Коми;пгт;67.58355;63.79399;6553.0
пгт Встречный;1970;МР Билибинский;Чукотский АО;пгт;67.95;165.6;1819.0
пгт Встречный;1979;МР Билибинский;Чукотский АО;пгт;67.95;165.6;1572.0
пгт Встречный;1989;МР Билибинский;Чукотский АО;пгт;67.95;165.6;1789.0
пгт Встречный;2002;МР Билибинский;Чукотский АО;пгт;67.95;165.6;13.0
пгт Вьюжный;1979;ЗАТО Александровск;Мурманская область;пгт;69.19333;33.25314;8617.0
пгт Горный;1959;МР Печенгский;Мурманская область;пгт;69.4155;30.7826;2398.0
пгт Горняцкий;1959;ГО Воркута;Республика Коми;пгт;67.53333;64.05;28457.0
пгт Гремиха;1959;ЗАТО Островной;Мурманская область;пгт;68.05306;39.51306;3342.0
пгт Гремиха;1970;ЗАТО Островной;Мурманская область;пгт;68.05306;39.51306;6956.0
пгт Гремиха;1979;ЗАТО Островной;Мурманская область;пгт;68.05306;39.51306;9338.0
пгт Губкинский;1989;ГО Губкинский;Ямало-Ненецкий АО;пгт;64.434;76.50261;9605.0
пгт Депутатский;1959;МР Усть-Янский;Республика Саха (Якутия);пгт;69.30958;139.97571;1822.0
пгт Депутатский;1970;МР Усть-Янский;Республика Саха (Якутия);пгт;69.30958;139.97571;5262.0
пгт Депутатский;1979;МР Усть-Янский;Республика Саха (Якутия);пгт;69.30958;139.97571;5331.0
пгт Депутатский;1989;МР Усть-Янский;Республика Саха (Якутия);пгт;69.30958;139.97571;13481.0
пгт Депутатский;2002;МР Усть-Янский;Республика Саха (Якутия);пгт;69.30958;139.97571;3602.0
пгт Депутатский;2010;МР Усть-Янский;Республика Саха (Якутия);пгт;69.30958;139.97571;2983.0
пгт Депутатский;2021;МР Усть-Янский;Республика Саха (Якутия);пгт;69.30958;139.97571;2590.0
пгт Диксон;1959;МР Таймырский Долгано-Ненецкий;Красноярский край;пгт;73.50819;80.52918;3470.0
пгт Диксон;1970;МР Таймырский Долгано-Ненецкий;Красноярский край;пгт;73.50819;80.52918;3889.0
пгт Диксон;1979;МР Таймырский Долгано-Ненецкий;Красноярский край;пгт;73.50819;80.52918;4045.0
пгт Диксон;1989;МР Таймырский Долгано-Ненецкий;Красноярский край;пгт;73.50819;80.52918;4537.0
пгт Диксон;2002;МР Таймырский Долгано-Ненецкий;Красноярский край;пгт;73.50819;80.52918;1198.0
пгт Диксон;2010;МР Таймырский Долгано-Ненецкий;Красноярский край;пгт;73.50819;80.52918;676.0
пгт Диксон;2021;МР Таймырский Долгано-Ненецкий;Красноярский край;пгт;73.50819;80.52918;319.0
пгт Дружина;1959;МР Абыйский;Республика Саха (Якутия);пгт;68.20164;145.31028;1258.0
пгт Дружина;1970;МР Абыйский;Республика Саха (Якутия);пгт;68.20164;145.31028;1626.0
пгт Елецкий;1959;ГО Воркута;Республика Коми;пгт;67.04583;64.21444;3208.0
пгт Елецкий;1970;ГО Воркута;Республика Коми;пгт;67.04583;64.21444;1521.0
пгт Елецкий;1979;ГО Воркута;Республика Коми;пгт;67.04583;64.21444;1193.0
пгт Елецкий;1989;ГО Воркута;Республика Коми;пгт;67.04583;64.21444;1282.0
пгт Елецкий;2002;ГО Воркута;Республика Коми;пгт;67.04583;64.21444;780.0
пгт Елецкий;2010;ГО Воркута;Республика Коми;пгт;67.04583;64.21444;631.0
пгт Елецкий;2021;ГО Воркута;Республика Коми;пгт;67.04583;64.21444;307.0
пгт Заполярный;1959;ГО Воркута;Республика Коми;пгт;67.49552;63.73275;8775.0
пгт Заполярный;1959;МР Печенгский;Мурманская область;пгт;69.41541;30.81355;3791.0
пгт Заполярный;1970;ГО Воркута;Республика Коми;пгт;67.49552;63.73275;9709.0
пгт Заполярный;1979;ГО Воркута;Республика Коми;пгт;67.49552;63.73275;7964.0
пгт Заполярный;1989;ГО Воркута;Республика Коми;пгт;67.49552;63.73275;8027.0
пгт Заполярный;2002;ГО Воркута;Республика Коми;пгт;67.49552;63.73275;4708.0
пгт Заполярный;2002;МО Надымский;Ямало-Ненецкий АО;пгт;66.4526;73.8436;995.0
пгт Заполярный;2010;ГО Воркута;Республика Коми;пгт;67.49552;63.73275;1948.0
пгт Заполярный;2010;МО Надымский;Ямало-Ненецкий АО;пгт;66.4526;73.8436;1024.0
пгт Заполярный;2021;ГО Воркута;Республика Коми;пгт;67.49552;63.73275;483.0
пгт Заполярный;2021;МО Надымский;Ямало-Ненецкий АО;пгт;66.4526;73.8436;1026.0
пгт Зареченск;1959;МР Кандалакшский;Мурманская область;пгт;66.6799;31.42708;5376.0
пгт Зареченск;1970;МР Кандалакшский;Мурманская область;пгт;66.6799;31.42708;1504.0
пгт Зареченск;1979;МР Кандалакшский;Мурманская область;пгт;66.6799;31.42708;1338.0
пгт Зареченск;1989;МР Кандалакшский;Мурманская область;пгт;66.6799;31.42708;1265.0
пгт Зашеек;1939;МО Полярные Зори;Мурманская область;пгт;67.40406;32.54803;4567.0
пгт Зашеек;1959;МО Полярные Зори;Мурманская область;пгт;67.40406;32.54803;4226.0
пгт Зашеек;1970;МО Полярные Зори;Мурманская область;пгт;67.40406;32.54803;6831.0
пгт Зашеек;1979;МО Полярные Зори;Мурманская область;пгт;67.40406;32.54803;3619.0
пгт Зашеек;1989;МО Полярные Зори;Мурманская область;пгт;67.40406;32.54803;1958.0
пгт Зашеек;2002;МО Полярные Зори;Мурманская область;пгт;67.40406;32.54803;1042.0
пгт Зеленоборский;1959;МР Кандалакшский;Мурманская область;пгт;66.845;32.36222;9000.0
пгт Зеленоборский;1970;МР Кандалакшский;Мурманская область;пгт;66.845;32.36222;10224.0
пгт Зеленоборский;1979;МР Кандалакшский;Мурманская область;пгт;66.845;32.36222;10122.0
пгт Зеленоборский;1989;МР Кандалакшский;Мурманская область;пгт;66.845;32.36222;9671.0
пгт Зеленоборский;2002;МР Кандалакшский;Мурманская область;пгт;66.845;32.36222;7640.0
пгт Зеленоборский;2010;МР Кандалакшский;Мурманская область;пгт;66.845;32.36222;6560.0
пгт Зеленоборский;2021;МР Кандалакшский;Мурманская область;пгт;66.845;32.36222;3768.0
пгт Зырянка;1959;МР Верхнеколымский ;Республика Саха (Якутия);пгт;65.73489;150.89429;4245.0
пгт Зырянка;1970;МР Верхнеколымский ;Республика Саха (Якутия);пгт;65.73489;150.89429;5260.0
пгт Зырянка;1979;МР Верхнеколымский ;Республика Саха (Якутия);пгт;65.73489;150.89429;5749.0
пгт Зырянка;1989;МР Верхнеколымский ;Республика Саха (Якутия);пгт;65.73489;150.89429;6802.0
пгт Зырянка;2002;МР Верхнеколымский ;Республика Саха (Якутия);пгт;65.73489;150.89429;3749.0
пгт Зырянка;2010;МР Верхнеколымский ;Республика Саха (Якутия);пгт;65.73489;150.89429;3170.0
пгт Зырянка;2021;МР Верхнеколымский ;Республика Саха (Якутия);пгт;65.73489;150.89429;2521.0
пгт Идель;1959;МР Сегежский;Республика Карелия;пгт;64.13333;34.23333;3236.0
пгт Идель;1970;МР Сегежский;Республика Карелия;пгт;64.13333;34.23333;1379.0
пгт Идель;1979;МР Сегежский;Республика Карелия;пгт;64.13333;34.23333;1041.0
пгт Идель;1989;МР Сегежский;Республика Карелия;пгт;64.13333;34.23333;889.0
пгт Искателей;1989;МР Заполярный;Ненецкий АО;пгт;67.68026;53.15117;8855.0
пгт Искателей;2002;МР Заполярный;Ненецкий АО;пгт;67.68026;53.15117;6981.0
пгт Искателей;2010;МР Заполярный;Ненецкий АО;пгт;67.68026;53.15117;6881.0
пгт Искателей;2021;МР Заполярный;Ненецкий АО;пгт;67.68026;53.15117;7266.0
пгт Иультин;1959;ГО Эгвекинот;Чукотский АО;пгт;67.87355;-178.72973;2513.0
пгт Иультин;1970;ГО Эгвекинот;Чукотский АО;пгт;67.87355;-178.72973;4033.0
пгт Иультин;1979;ГО Эгвекинот;Чукотский АО;пгт;67.87355;-178.72973;4115.0
пгт Иультин;1989;ГО Эгвекинот;Чукотский АО;пгт;67.87355;-178.72973;5545.0
пгт Кайеркан;1959;ГО Норильск;Красноярский край;пгт;69.37861;87.74389;5167.0
пгт Кайеркан;1970;ГО Норильск;Красноярский край;пгт;69.37861;87.74389;4748.0
пгт Кайеркан;1979;ГО Норильск;Красноярский край;пгт;69.37861;87.74389;18013.0
пгт Калевала;1970;МР Калевальский;Республика Карелия;пгт;65.19873;31.18999;4408.0
пгт Калевала;1979;МР Калевальский;Республика Карелия;пгт;65.19873;31.18999;4834.0
пгт Калевала;1989;МР Калевальский;Республика Карелия;пгт;65.19873;31.18999;5230.0
пгт Калевала;2002;МР Калевальский;Республика Карелия;пгт;65.19873;31.18999;5578.0
пгт Калевала;2010;МР Калевальский;Республика Карелия;пгт;65.19873;31.18999;4529.0
пгт Калевала;2021;МР Калевальский;Республика Карелия;пгт;65.19873;31.18999;3526.0
пгт Каменка;1939;МР Мезенский;Архангельская область (без НАО);пгт;65.8835;44.1272;5239.0
пгт Каменка;1959;МР Мезенский;Архангельская область (без НАО);пгт;65.8835;44.1272;6020.0
пгт Каменка;1970;МР Мезенский;Архангельская область (без НАО);пгт;65.8835;44.1272;6898.0
пгт Каменка;1979;МР Мезенский;Архангельская область (без НАО);пгт;65.8835;44.1272;5817.0
пгт Каменка;1989;МР Мезенский;Архангельская область (без НАО);пгт;65.8835;44.1272;5248.0
пгт Каменка;2002;МР Мезенский;Архангельская область (без НАО);пгт;65.8835;44.1272;3387.0
пгт Каменка;2010;МР Мезенский;Архангельская область (без НАО);пгт;65.8835;44.1272;2582.0
пгт Кереть;1959;МР Лоухский;Республика Карелия;пгт;66.19632;32.89973;1085.0
пгт Кестеньга;1959;МР Лоухский;Республика Карелия;пгт;65.88764;31.82535;2795.0
пгт Кестеньга;1970;МР Лоухский;Республика Карелия;пгт;65.88764;31.82535;3012.0
пгт Кестеньга;1979;МР Лоухский;Республика Карелия;пгт;65.88764;31.82535;2422.0
пгт Кестеньга;1989;МР Лоухский;Республика Карелия;пгт;65.88764;31.82535;2509.0
пгт Кильдинстрой;1939;МР Кольский;Мурманская область;пгт;68.80388;33.09937;2719.0
пгт Кильдинстрой;1959;МР Кольский;Мурманская область;пгт;68.80388;33.09937;4174.0
пгт Кильдинстрой;1970;МР Кольский;Мурманская область;пгт;68.80388;33.09937;4376.0
пгт Кильдинстрой;1979;МР Кольский;Мурманская область;пгт;68.80388;33.09937;4313.0
пгт Кильдинстрой;1989;МР Кольский;Мурманская область;пгт;68.80388;33.09937;3793.0
пгт Кильдинстрой;2002;МР Кольский;Мурманская область;пгт;68.80388;33.09937;2861.0
пгт Кильдинстрой;2010;МР Кольский;Мурманская область;пгт;68.80388;33.09937;2063.0
пгт Кильдинстрой;2021;МР Кольский;Мурманская область;пгт;68.80388;33.09937;2244.0
пгт Ковдор;1959;МО Ковдорский;Мурманская область;пгт;67.56616;30.47576;5358.0
пгт Кодино;1959;МР Онежский;Архангельская область (без НАО);пгт;63.71976;39.64465;4272.0
пгт Кодино;1970;МР Онежский;Архангельская область (без НАО);пгт;63.71976;39.64465;3703.0
пгт Кодино;1979;МР Онежский;Архангельская область (без НАО);пгт;63.71976;39.64465;3191.0
пгт Кодино;1989;МР Онежский;Архангельская область (без НАО);пгт;63.71976;39.64465;2810.0
пгт Кожым;1959;ГО Инта;Республика Коми;пгт;65.734;59.52435;4294.0
пгт Кожым;1970;ГО Инта;Республика Коми;пгт;65.734;59.52435;653.0
пгт Кожым;1979;ГО Инта;Республика Коми;пгт;65.734;59.52435;802.0
пгт Кожым;1989;ГО Инта;Республика Коми;пгт;65.734;59.52435;703.0
пгт Кожым;2002;ГО Инта;Республика Коми;пгт;65.734;59.52435;56.0
пгт Кожым;2010;ГО Инта;Республика Коми;пгт;65.734;59.52435;10.0
пгт Кожым;2021;ГО Инта;Республика Коми;пгт;65.734;59.52435;0.0
пгт Кола;1939;МР Кольский;Мурманская область;пгт;68.88062;33.01842;8385.0
пгт Кола;1959;МР Кольский;Мурманская область;пгт;68.88062;33.01842;12273.0
пгт Комсомольский;1959;ГО Воркута;Республика Коми;пгт;67.55;63.78333;18781.0
пгт Комсомольский;1959;ГО Певек;Чукотский АО;пгт;69.13175;172.74368;470.0
пгт Комсомольский;1970;ГО Воркута;Республика Коми;пгт;67.55;63.78333;17078.0
пгт Комсомольский;1970;ГО Певек;Чукотский АО;пгт;69.13175;172.74368;1642.0
пгт Комсомольский;1979;ГО Воркута;Республика Коми;пгт;67.55;63.78333;14885.0
пгт Комсомольский;1979;ГО Певек;Чукотский АО;пгт;69.13175;172.74368;2166.0
пгт Комсомольский;1989;ГО Воркута;Республика Коми;пгт;67.55;63.78333;14982.0
пгт Комсомольский;1989;ГО Певек;Чукотский АО;пгт;69.13175;172.74368;4047.0
пгт Комсомольский;2002;ГО Воркута;Республика Коми;пгт;67.55;63.78333;4046.0
пгт Комсомольский;2002;ГО Певек;Чукотский АО;пгт;69.13175;172.74368;597.0
пгт Комсомольский;2010;ГО Воркута;Республика Коми;пгт;67.55;63.78333;1047.0
пгт Комсомольский;2021;ГО Воркута;Республика Коми;пгт;67.55;63.78333;128.0
пгт Коротчаево;1989;ГО Новый Уренгой;Ямало-Ненецкий АО;пгт;65.91028;78.20917;9508.0
пгт Коротчаево;2002;ГО Новый Уренгой;Ямало-Ненецкий АО;пгт;65.91028;78.20917;6998.0
пгт Костомукша;1979;ГО Костомукша;Республика Карелия;пгт;64.571;30.57667;4366.0
пгт Красноармейский;1959;ГО Певек;Чукотский АО;пгт;69.54221;171.99288;1156.0
пгт Красноармейский;1970;ГО Певек;Чукотский АО;пгт;69.54221;171.99288;1583.0
пгт Красноармейский;1979;ГО Певек;Чукотский АО;пгт;69.54221;171.99288;2324.0
пгт Красноармейский;1989;ГО Певек;Чукотский АО;пгт;69.54221;171.99288;2368.0
пгт Красноармейский;2002;ГО Певек;Чукотский АО;пгт;69.54221;171.99288;0.0
пгт Кривой Порог;1989;МР Кемский;Республика Карелия;пгт;65.03803;33.6743;1351.0
пгт Кукисвумчорр;1939;МО Кировск;Мурманская область;пгт;67.66384;33.72215;8950.0
пгт Кулар;1970;МР Усть-Янский;Республика Саха (Якутия);пгт;70.63894;134.35281;3168.0
пгт Кулар;1979;МР Усть-Янский;Республика Саха (Якутия);пгт;70.63894;134.35281;4130.0
пгт Кулар;1989;МР Усть-Янский;Республика Саха (Якутия);пгт;70.63894;134.35281;4880.0
пгт Лабытнанги;1959;ГО Лабытнанги;Ямало-Ненецкий АО;пгт;66.65722;66.41833;5220.0
пгт Лабытнанги;1970;ГО Лабытнанги;Ямало-Ненецкий АО;пгт;66.65722;66.41833;9190.0
пгт Лазо;1979;МР Верхоянский;Республика Саха (Якутия);пгт;66.68908;136.51409;888.0
пгт Лазо;1989;МР Верхоянский;Республика Саха (Якутия);пгт;66.68908;136.51409;2245.0
пгт Ленинградский;1979;ГО Эгвекинот;Чукотский АО;пгт;69.36012;178.40103;2665.0
пгт Ленинградский;1989;ГО Эгвекинот;Чукотский АО;пгт;69.36012;178.40103;3949.0
пгт Ленинградский;2002;ГО Эгвекинот;Чукотский АО;пгт;69.36012;178.40103;764.0
пгт Лесозаводский;1959;МР Кандалакшский;Мурманская область;пгт;66.72992;32.83891;1744.0
пгт Лесозаводский;1970;МР Кандалакшский;Мурманская область;пгт;66.72992;32.83891;1448.0
пгт Лесозаводский;1979;МР Кандалакшский;Мурманская область;пгт;66.72992;32.83891;1255.0
пгт Лесозаводский;1989;МР Кандалакшский;Мурманская область;пгт;66.72992;32.83891;1046.0
пгт Летнереченский;1959;МР Беломорский;Республика Карелия;пгт;64.28333;34.38333;4392.0
пгт Летнереченский;1970;МР Беломорский;Республика Карелия;пгт;64.28333;34.38333;4062.0
пгт Летнереченский;1979;МР Беломорский;Республика Карелия;пгт;64.28333;34.38333;3401.0
пгт Летнереченский;1989;МР Беломорский;Республика Карелия;пгт;64.28333;34.38333;2909.0
пгт Лимбяяха;1989;ГО Новый Уренгой;Ямало-Ненецкий АО;пгт;66.0207;78.075;3293.0
пгт Лимбяяха;2002;ГО Новый Уренгой;Ямало-Ненецкий АО;пгт;66.0207;78.075;2815.0
пгт Лоухи;1959;МР Лоухский;Республика Карелия;пгт;66.07616;33.04745;6107.0
пгт Лоухи;1970;МР Лоухский;Республика Карелия;пгт;66.07616;33.04745;5376.0
пгт Лоухи;1979;МР Лоухский;Республика Карелия;пгт;66.07616;33.04745;5548.0
пгт Лоухи;1989;МР Лоухский;Республика Карелия;пгт;66.07616;33.04745;6447.0
пгт Лоухи;2002;МР Лоухский;Республика Карелия;пгт;66.07616;33.04745;5920.0
пгт Лоухи;2010;МР Лоухский;Республика Карелия;пгт;66.07616;33.04745;4772.0
пгт Лоухи;2021;МР Лоухский;Республика Карелия;пгт;66.07616;33.04745;3709.0
пгт Маленьга;1959;МР Беломорский;Республика Карелия;пгт;63.8408;36.44068;3195.0
пгт Маленьга;1970;МР Беломорский;Республика Карелия;пгт;63.8408;36.44068;2170.0
пгт Маленьга;1979;МР Беломорский;Республика Карелия;пгт;63.8408;36.44068;893.0
пгт Маленьга;1989;МР Беломорский;Республика Карелия;пгт;63.8408;36.44068;525.0
пгт Малошуйка;1959;МР Онежский;Архангельская область (без НАО);пгт;63.71209;37.4496;8029.0
пгт Малошуйка;1970;МР Онежский;Архангельская область (без НАО);пгт;63.71209;37.4496;4489.0
пгт Малошуйка;1979;МР Онежский;Архангельская область (без НАО);пгт;63.71209;37.4496;4331.0
пгт Малошуйка;1989;МР Онежский;Архангельская область (без НАО);пгт;63.71209;37.4496;4018.0
пгт Малошуйка;2002;МР Онежский;Архангельская область (без НАО);пгт;63.71209;37.4496;3164.0
пгт Малошуйка;2010;МР Онежский;Архангельская область (без НАО);пгт;63.71209;37.4496;2886.0
пгт Малошуйка;2021;МР Онежский;Архангельская область (без НАО);пгт;63.71209;37.4496;1999.0
пгт Марково;1970;МР Анадырский;Чукотский АО;пгт;64.68063;170.41486;1712.0
пгт Марково;1979;МР Анадырский;Чукотский АО;пгт;64.68063;170.41486;1992.0
пгт Марково;1989;МР Анадырский;Чукотский АО;пгт;64.68063;170.41486;2139.0
пгт Медвежий;1959;МР Таймырский Долгано-Ненецкий;Красноярский край;пгт;70.53333;91.1;4962.0
пгт Молодежный;1959;МО Апатиты;Мурманская область;пгт;67.5831;33.4169;5980.0
пгт Молочный;1989;МР Кольский;Мурманская область;пгт;68.85389;33.02046;5944.0
пгт Молочный;2002;МР Кольский;Мурманская область;пгт;68.85389;33.02046;5627.0
пгт Молочный;2010;МР Кольский;Мурманская область;пгт;68.85389;33.02046;5208.0
пгт Молочный;2021;МР Кольский;Мурманская область;пгт;68.85389;33.02046;4194.0
пгт Мудьюга;1959;МР Онежский;Архангельская область (без НАО);пгт;63.78316;39.23757;4078.0
пгт Мудьюга;1970;МР Онежский;Архангельская область (без НАО);пгт;63.78316;39.23757;1811.0
пгт Мудьюга;1979;МР Онежский;Архангельская область (без НАО);пгт;63.78316;39.23757;1410.0
пгт Мудьюга;1989;МР Онежский;Архангельская область (без НАО);пгт;63.78316;39.23757;1062.0
пгт Мульда;1959;ГО Воркута;Республика Коми;пгт;67.5;63.85;3125.0
пгт Мульда;1970;ГО Воркута;Республика Коми;пгт;67.5;63.85;1736.0
пгт Мульда;1979;ГО Воркута;Республика Коми;пгт;67.5;63.85;1543.0
пгт Мульда;1989;ГО Воркута;Республика Коми;пгт;67.5;63.85;1232.0
пгт Мульда;2002;ГО Воркута;Республика Коми;пгт;67.5;63.85;183.0
пгт Мульда;2010;ГО Воркута;Республика Коми;пгт;67.5;63.85;0.0
пгт Мульда;2021;ГО Воркута;Республика Коми;пгт;67.5;63.85;12.0
пгт Мурмаши;1939;МР Кольский;Мурманская область;пгт;68.81542;32.81147;2018.0
пгт Мурмаши;1959;МР Кольский;Мурманская область;пгт;68.81542;32.81147;8840.0
пгт Мурмаши;1970;МР Кольский;Мурманская область;пгт;68.81542;32.81147;8836.0
пгт Мурмаши;1979;МР Кольский;Мурманская область;пгт;68.81542;32.81147;10895.0
пгт Мурмаши;1989;МР Кольский;Мурманская область;пгт;68.81542;32.81147;14417.0
пгт Мурмаши;2002;МР Кольский;Мурманская область;пгт;68.81542;32.81147;16343.0
пгт Мурмаши;2010;МР Кольский;Мурманская область;пгт;68.81542;32.81147;14152.0
пгт Мурмаши;2021;МР Кольский;Мурманская область;пгт;68.81542;32.81147;9568.0
пгт Мыс Шмидта;1970;ГО Эгвекинот;Чукотский АО;пгт;68.89309;-179.4088;1818.0
пгт Мыс Шмидта;1979;ГО Эгвекинот;Чукотский АО;пгт;68.89309;-179.4088;3307.0
пгт Мыс Шмидта;1989;ГО Эгвекинот;Чукотский АО;пгт;68.89309;-179.4088;4760.0
пгт Мыс Шмидта;2002;ГО Эгвекинот;Чукотский АО;пгт;68.89309;-179.4088;705.0
пгт Мыс Шмидта;2010;ГО Эгвекинот;Чукотский АО;пгт;68.89309;-179.4088;492.0
пгт Мыс Шмидта;2021;ГО Эгвекинот;Чукотский АО;пгт;68.89309;-179.4088;37.0
пгт Нагорный;1970;МР Анадырский;Чукотский АО;пгт;63.06667;179.26667;2087.0
пгт Нагорный;1979;МР Анадырский;Чукотский АО;пгт;63.06667;179.26667;3025.0
пгт Нагорный;1989;МР Анадырский;Чукотский АО;пгт;63.06667;179.26667;4208.0
пгт Надвоицы;1959;МР Сегежский;Республика Карелия;пгт;63.86667;34.31667;10503.0
пгт Надвоицы;1970;МР Сегежский;Республика Карелия;пгт;63.86667;34.31667;10973.0
пгт Надвоицы;1979;МР Сегежский;Республика Карелия;пгт;63.86667;34.31667;10655.0
пгт Надвоицы;1989;МР Сегежский;Республика Карелия;пгт;63.86667;34.31667;11550.0
пгт Надвоицы;2002;МР Сегежский;Республика Карелия;пгт;63.86667;34.31667;11073.0
пгт Надвоицы;2010;МР Сегежский;Республика Карелия;пгт;63.86667;34.31667;8372.0
пгт Надвоицы;2021;МР Сегежский;Республика Карелия;пгт;63.86667;34.31667;6070.0
пгт Нивский;1939;МР Кандалакшский;Мурманская область;пгт;67.29811;32.48022;7287.0
пгт Нивский;1959;МР Кандалакшский;Мурманская область;пгт;67.29811;32.48022;3786.0
пгт Нивский;1970;МР Кандалакшский;Мурманская область;пгт;67.29811;32.48022;1612.0
пгт Нивский;1979;МР Кандалакшский;Мурманская область;пгт;67.29811;32.48022;1477.0
пгт Нивский;1989;МР Кандалакшский;Мурманская область;пгт;67.29811;32.48022;1664.0
пгт Нижнеянск;1959;МР Усть-Янский;Республика Саха (Якутия);пгт;71.4403;136.13585;862.0
пгт Нижнеянск;1970;МР Усть-Янский;Республика Саха (Якутия);пгт;71.4403;136.13585;1681.0
пгт Нижнеянск;1979;МР Усть-Янский;Республика Саха (Якутия);пгт;71.4403;136.13585;2164.0
пгт Нижнеянск;1989;МР Усть-Янский;Республика Саха (Якутия);пгт;71.4403;136.13585;3005.0
пгт Нижнеянск;2002;МР Усть-Янский;Республика Саха (Якутия);пгт;71.4403;136.13585;701.0
пгт Нижнеянск;2010;МР Усть-Янский;Республика Саха (Якутия);пгт;71.4403;136.13585;391.0
пгт Нижнеянск;2021;МР Усть-Янский;Республика Саха (Якутия);пгт;71.4403;136.13585;218.0
пгт Никель;1959;МР Печенгский;Мурманская область;пгт;69.41285;30.22198;16305.0
пгт Никель;1970;МР Печенгский;Мурманская область;пгт;69.41285;30.22198;21299.0
пгт Никель;1979;МР Печенгский;Мурманская область;пгт;69.41285;30.22198;20031.0
пгт Никель;1989;МР Печенгский;Мурманская область;пгт;69.41285;30.22198;22405.0
пгт Никель;2002;МР Печенгский;Мурманская область;пгт;69.41285;30.22198;16534.0
пгт Никель;2010;МР Печенгский;Мурманская область;пгт;69.41285;30.22198;12756.0
пгт Никель;2021;МР Печенгский;Мурманская область;пгт;69.41285;30.22198;9858.0
пгт Нордвик;1959;МР Таймырский Долгано-Ненецкий;Красноярский край;пгт;74.03333;111.53333;404.0
пгт Норильск;1939;ГО Норильск;Красноярский край;пгт;69.3535;88.2027;13886.0
пгт Октябрьский;1959;ГО Воркута;Республика Коми;пгт;67.56667;64.13333;10476.0
пгт Октябрьский;1970;ГО Воркута;Республика Коми;пгт;67.56667;64.13333;6882.0
пгт Октябрьский;1979;ГО Воркута;Республика Коми;пгт;67.56667;64.13333;5233.0
пгт Октябрьский;1989;ГО Воркута;Республика Коми;пгт;67.56667;64.13333;3675.0
пгт Октябрьский;2002;ГО Воркута;Республика Коми;пгт;67.56667;64.13333;660.0
пгт Октябрьский;2010;ГО Воркута;Республика Коми;пгт;67.56667;64.13333;0.0
пгт Октябрьский;2021;ГО Воркута;Республика Коми;пгт;67.56667;64.13333;0.0
пгт Пангоды;1989;МО Надымский;Ямало-Ненецкий АО;пгт;65.85002;74.48593;12880.0
пгт Пангоды;2002;МО Надымский;Ямало-Ненецкий АО;пгт;65.85002;74.48593;10868.0
пгт Пангоды;2010;МО Надымский;Ямало-Ненецкий АО;пгт;65.85002;74.48593;10805.0
пгт Пангоды;2021;МО Надымский;Ямало-Ненецкий АО;пгт;65.85002;74.48593;11132.0
пгт Парма;1979;ГО Усинск;Республика Коми;пгт;65.9401;57.4518;11870.0
пгт Парма;1989;ГО Усинск;Республика Коми;пгт;65.9401;57.4518;8898.0
пгт Парма;2002;ГО Усинск;Республика Коми;пгт;65.9401;57.4518;1387.0
пгт Парма;2010;ГО Усинск;Республика Коми;пгт;65.9401;57.4518;1248.0
пгт Парма;2021;ГО Усинск;Республика Коми;пгт;65.9401;57.4518;713.0
пгт Певек;1959;ГО Певек;Чукотский АО;пгт;69.70287;170.29993;5752.0
пгт Печенга;1959;МР Печенгский;Мурманская область;пгт;69.52587;31.17027;3458.0
пгт Печенга;1970;МР Печенгский;Мурманская область;пгт;69.52587;31.17027;2576.0
пгт Печенга;1979;МР Печенгский;Мурманская область;пгт;69.52587;31.17027;2084.0
пгт Печенга;1989;МР Печенгский;Мурманская область;пгт;69.52587;31.17027;2766.0
пгт Печенга;2002;МР Печенгский;Мурманская область;пгт;69.52587;31.17027;2959.0
пгт Печенга;2010;МР Печенгский;Мурманская область;пгт;69.52587;31.17027;3188.0
пгт Печенга;2021;МР Печенгский;Мурманская область;пгт;69.52587;31.17027;2206.0
пгт Пинега;1970;МР Пинежский;Архангельская область (без НАО);пгт;64.69969;43.39016;3592.0
пгт Пинега;1979;МР Пинежский;Архангельская область (без НАО);пгт;64.69969;43.39016;4262.0
пгт Пинега;1989;МР Пинежский;Архангельская область (без НАО);пгт;64.69969;43.39016;4523.0
пгт Полярные Зори;1979;МО Полярные Зори;Мурманская область;пгт;67.36611;32.49806;11409.0
пгт Полярные Зори;1989;МО Полярные Зори;Мурманская область;пгт;67.36611;32.49806;20070.0
пгт Полярный;1979;ГО Эгвекинот;Чукотский АО;пгт;69.16329;178.71872;4023.0
пгт Полярный;1989;ГО Эгвекинот;Чукотский АО;пгт;69.16329;178.71872;5017.0
пгт Порт Владимир;1939;МР Кольский;Мурманская область;пгт;69.4152;33.11478;1062.0
пгт Порт Владимир;1959;МР Кольский;Мурманская область;пгт;69.4152;33.11478;1718.0
пгт Приречный;1970;МР Печенгский;Мурманская область;пгт;69.01428;30.29068;1322.0
пгт Приречный;1979;МР Печенгский;Мурманская область;пгт;69.01428;30.29068;962.0
пгт Приречный;1989;МР Печенгский;Мурманская область;пгт;69.01428;30.29068;684.0
пгт Приречный;2002;МР Печенгский;Мурманская область;пгт;69.01428;30.29068;109.0
пгт Провидения;1959;ГО Провидения;Чукотский АО;пгт;64.42289;-173.22641;4840.0
пгт Провидения;1970;ГО Провидения;Чукотский АО;пгт;64.42289;-173.22641;6586.0
пгт Провидения;1979;ГО Провидения;Чукотский АО;пгт;64.42289;-173.22641;4643.0
пгт Провидения;1989;ГО Провидения;Чукотский АО;пгт;64.42289;-173.22641;5534.0
пгт Провидения;2002;ГО Провидения;Чукотский АО;пгт;64.42289;-173.22641;2723.0
пгт Провидения;2010;ГО Провидения;Чукотский АО;пгт;64.42289;-173.22641;1970.0
пгт Провидения;2021;ГО Провидения;Чукотский АО;пгт;64.42289;-173.22641;2140.0
пгт Промышленный;1959;ГО Воркута;Республика Коми;пгт;67.58333;63.91667;20405.0
пгт Промышленный;1970;ГО Воркута;Республика Коми;пгт;67.58333;63.91667;13012.0
пгт Промышленный;1979;ГО Воркута;Республика Коми;пгт;67.58333;63.91667;10313.0
пгт Промышленный;1989;ГО Воркута;Республика Коми;пгт;67.58333;63.91667;8648.0
пгт Промышленный;2002;ГО Воркута;Республика Коми;пгт;67.58333;63.91667;1170.0
пгт Промышленный;2010;ГО Воркута;Республика Коми;пгт;67.58333;63.91667;0.0
пгт Промышленный;2021;ГО Воркута;Республика Коми;пгт;67.58333;63.91667;0.0
пгт Пяозерский;1979;МР Лоухский;Республика Карелия;пгт;65.7687;31.08925;2660.0
пгт Пяозерский;1989;МР Лоухский;Республика Карелия;пгт;65.7687;31.08925;2640.0
пгт Пяозерский;2002;МР Лоухский;Республика Карелия;пгт;65.7687;31.08925;2603.0
пгт Пяозерский;2010;МР Лоухский;Республика Карелия;пгт;65.7687;31.08925;2098.0
пгт Пяозерский;2021;МР Лоухский;Республика Карелия;пгт;65.7687;31.08925;1578.0
пгт Рабочеостровск;1939;МР Кемский;Республика Карелия;пгт;64.98507;34.77587;4120.0
пгт Рабочеостровск;1959;МР Кемский;Республика Карелия;пгт;64.98507;34.77587;3596.0
пгт Рабочеостровск;1970;МР Кемский;Республика Карелия;пгт;64.98507;34.77587;3618.0
пгт Рабочеостровск;1979;МР Кемский;Республика Карелия;пгт;64.98507;34.77587;3414.0
пгт Рабочеостровск;1989;МР Кемский;Республика Карелия;пгт;64.98507;34.77587;3175.0
пгт Ревда;1959;МР Ловозерский;Мурманская область;пгт;67.9371;34.56149;4650.0
пгт Ревда;1970;МР Ловозерский;Мурманская область;пгт;67.9371;34.56149;4524.0
пгт Ревда;1979;МР Ловозерский;Мурманская область;пгт;67.9371;34.56149;8663.0
пгт Ревда;1989;МР Ловозерский;Мурманская область;пгт;67.9371;34.56149;14249.0
пгт Ревда;2002;МР Ловозерский;Мурманская область;пгт;67.9371;34.56149;10368.0
пгт Ревда;2010;МР Ловозерский;Мурманская область;пгт;67.9371;34.56149;8414.0
пгт Ревда;2021;МР Ловозерский;Мурманская область;пгт;67.9371;34.56149;6394.0
пгт Росляково;1959;ГО Мурманск;Мурманская область;пгт;69.04303;33.19906;4118.0
пгт Росляково;1970;ГО Мурманск;Мурманская область;пгт;69.04303;33.19906;5502.0
пгт Росляково;1979;ГО Мурманск;Мурманская область;пгт;69.04303;33.19906;7633.0
пгт Росляково;1989;ГО Мурманск;Мурманская область;пгт;69.04303;33.19906;12363.0
пгт Росляково;2002;ГО Мурманск;Мурманская область;пгт;69.04303;33.19906;9458.0
пгт Росляково;2010;ГО Мурманск;Мурманская область;пгт;69.04303;33.19906;8696.0
пгт Сайда-Губа;1939;ЗАТО Александровск;Мурманская область;пгт;69.24189;33.22857;7736.0
пгт Сайда-Губа;1959;ЗАТО Александровск;Мурманская область;пгт;69.24189;33.22857;914.0
пгт Сайда-Губа;1970;ЗАТО Александровск;Мурманская область;пгт;69.24189;33.22857;225.0
пгт Сайда-Губа;1979;ЗАТО Александровск;Мурманская область;пгт;69.24189;33.22857;168.0
пгт Сафоново;1970;ЗАТО Североморск;Мурманская область;пгт;69.06043;33.29523;4738.0
пгт Сафоново;1979;ЗАТО Североморск;Мурманская область;пгт;69.06043;33.29523;6033.0
пгт Сафоново;1989;ЗАТО Североморск;Мурманская область;пгт;69.06043;33.29523;8006.0
пгт Сафоново;2002;ЗАТО Североморск;Мурманская область;пгт;69.06043;33.29523;4853.0
пгт Сафоново;2010;ЗАТО Североморск;Мурманская область;пгт;69.06043;33.29523;5255.0
пгт Сафоново;2021;ЗАТО Североморск;Мурманская область;пгт;69.06043;33.29523;4305.0
пгт Светлогорск;1979;МР Туруханский;Красноярский край;пгт;66.93762;88.35265;3101.0
пгт Светлогорск;1989;МР Туруханский;Красноярский край;пгт;66.93762;88.35265;7039.0
пгт Светлогорск;2002;МР Туруханский;Красноярский край;пгт;66.93762;88.35265;1420.0
пгт Светлогорск;2010;МР Туруханский;Красноярский край;пгт;66.93762;88.35265;1014.0
пгт Северный;1959;ГО Воркута;Республика Коми;пгт;67.63333;64.1;15175.0
пгт Северный;1970;ГО Воркута;Республика Коми;пгт;67.63333;64.1;15289.0
пгт Северный;1979;ГО Воркута;Республика Коми;пгт;67.63333;64.1;17172.0
пгт Северный;1989;ГО Воркута;Республика Коми;пгт;67.63333;64.1;20862.0
пгт Северный;1989;МР Усть-Янский;Республика Саха (Якутия);пгт;70.56957;134.98472;4094.0
пгт Северный;2002;ГО Воркута;Республика Коми;пгт;67.63333;64.1;12028.0
пгт Северный;2002;МР Усть-Янский;Республика Саха (Якутия);пгт;70.56957;134.98472;77.0
пгт Северный;2010;ГО Воркута;Республика Коми;пгт;67.63333;64.1;9023.0
пгт Северный;2021;ГО Воркута;Республика Коми;пгт;67.63333;64.1;3660.0
пгт Сегежа;1939;МР Сегежский;Республика Карелия;пгт;63.74147;34.32218;4845.0
пгт Серебрянский;1970;МР Кольский;Мурманская область;пгт;68.82917;35.54205;4119.0
пгт Сивомаскинский;1959;ГО Воркута;Республика Коми;пгт;66.66667;62.58333;3533.0
пгт Сивомаскинский;1970;ГО Воркута;Республика Коми;пгт;66.66667;62.58333;2639.0
пгт Сивомаскинский;1979;ГО Воркута;Республика Коми;пгт;66.66667;62.58333;2197.0
пгт Сивомаскинский;1989;ГО Воркута;Республика Коми;пгт;66.66667;62.58333;2167.0
пгт Снежногорск;1970;ГО Норильск;Красноярский край;пгт;68.09306;87.74;9685.0
пгт Снежногорск;1979;ГО Норильск;Красноярский край;пгт;68.09306;87.74;2852.0
пгт Снежногорск;1989;ГО Норильск;Красноярский край;пгт;68.09306;87.74;2312.0
пгт Снежногорск;2002;ГО Норильск;Красноярский край;пгт;68.09306;87.74;1306.0
пгт Снежногорск;2010;ГО Норильск;Красноярский край;пгт;68.09306;87.74;887.0
пгт Снежногорск;2021;ГО Норильск;Красноярский край;пгт;68.09306;87.74;784.0
пгт Советский;1970;ГО Воркута;Республика Коми;пгт;67.48333;64.41667;5773.0
пгт Советский;1979;ГО Воркута;Республика Коми;пгт;67.48333;64.41667;5781.0
пгт Советский;1989;ГО Воркута;Республика Коми;пгт;67.48333;64.41667;5941.0
пгт Советский;2002;ГО Воркута;Республика Коми;пгт;67.48333;64.41667;2540.0
пгт Сосновец;1959;МР Беломорский;Республика Карелия;пгт;64.42734;34.47132;3319.0
пгт Сосновец;1970;МР Беломорский;Республика Карелия;пгт;64.42734;34.47132;3064.0
пгт Сосновец;1979;МР Беломорский;Республика Карелия;пгт;64.42734;34.47132;2955.0
пгт Сосновец;1989;МР Беломорский;Республика Карелия;пгт;64.42734;34.47132;2657.0
пгт Старый Надым;1989;МО Надымский;Ямало-Ненецкий АО;пгт;65.61182;72.68417;7001.0
пгт Старый Надым;2002;МО Надымский;Ямало-Ненецкий АО;пгт;65.61182;72.68417;2758.0
пгт Сумское;1939;МР Сегежский;Республика Карелия;пгт;64.0374;34.1117;2055.0
пгт Тазовский;1970;МО Тазовский;Ямало-Ненецкий АО;пгт;67.4715;78.7162;3128.0
пгт Тазовский;1979;МО Тазовский;Ямало-Ненецкий АО;пгт;67.4715;78.7162;4832.0
пгт Тазовский;1989;МО Тазовский;Ямало-Ненецкий АО;пгт;67.4715;78.7162;6827.0
пгт Тазовский;2002;МО Тазовский;Ямало-Ненецкий АО;пгт;67.4715;78.7162;5965.0
пгт Тазовский;2010;МО Тазовский;Ямало-Ненецкий АО;пгт;67.4715;78.7162;6793.0
пгт Талнах;1970;ГО Норильск;Красноярский край;пгт;69.4865;88.3972;9286.0
пгт Талнах;1979;ГО Норильск;Красноярский край;пгт;69.4865;88.3972;33410.0
пгт Тарко-Сале;1979;МО Пуровский;Ямало-Ненецкий АО;пгт;64.91611;77.77457;6216.0
пгт Тарко-Сале;1989;МО Пуровский;Ямало-Ненецкий АО;пгт;64.91611;77.77457;17308.0
пгт Тарко-Сале;2002;МО Пуровский;Ямало-Ненецкий АО;пгт;64.91611;77.77457;18517.0
пгт Тенкели;1979;МР Усть-Янский;Республика Саха (Якутия);пгт;70.18315;140.75788;1607.0
пгт Тенкели;1989;МР Усть-Янский;Республика Саха (Якутия);пгт;70.18315;140.75788;3017.0
пгт Териберка;1939;МР Кольский;Мурманская область;пгт;69.16088;35.14527;2802.0
пгт Териберка;1959;МР Кольский;Мурманская область;пгт;69.16088;35.14527;4762.0
пгт Териберка;1970;МР Кольский;Мурманская область;пгт;69.16088;35.14527;3150.0
пгт Териберка;1979;МР Кольский;Мурманская область;пгт;69.16088;35.14527;2479.0
пгт Териберка;1989;МР Кольский;Мурманская область;пгт;69.16088;35.14527;2387.0
пгт Тикси;1939;МР Булунский;Республика Саха (Якутия);пгт;71.69002;128.86467;697.0
пгт Тикси;1959;МР Булунский;Республика Саха (Якутия);пгт;71.69002;128.86467;4833.0
пгт Тикси;1970;МР Булунский;Республика Саха (Якутия);пгт;71.69002;128.86467;8099.0
пгт Тикси;1979;МР Булунский;Республика Саха (Якутия);пгт;71.69002;128.86467;9505.0
пгт Тикси;1989;МР Булунский;Республика Саха (Якутия);пгт;71.69002;128.86467;11940.0
пгт Тикси;2002;МР Булунский;Республика Саха (Якутия);пгт;71.69002;128.86467;5873.0
пгт Тикси;2010;МР Булунский;Республика Саха (Якутия);пгт;71.69002;128.86467;5063.0
пгт Тикси;2021;МР Булунский;Республика Саха (Якутия);пгт;71.69002;128.86467;4173.0
пгт Туманный;1979;МР Кольский;Мурманская область;пгт;68.88472;35.69444;2647.0
пгт Туманный;1989;МР Кольский;Мурманская область;пгт;68.88472;35.69444;1997.0
пгт Туманный;2002;МР Кольский;Мурманская область;пгт;68.88472;35.69444;950.0
пгт Туманный;2010;МР Кольский;Мурманская область;пгт;68.88472;35.69444;685.0
пгт Туманный;2021;МР Кольский;Мурманская область;пгт;68.88472;35.69444;404.0
пгт Тура;1939;МР Эвенкийский;Красноярский край;пгт;64.27769;100.21849;1573.0
пгт Тура;1959;МР Эвенкийский;Красноярский край;пгт;64.27769;100.21849;2039.0
пгт Тура;1970;МР Эвенкийский;Красноярский край;пгт;64.27769;100.21849;3528.0
пгт Тура;1979;МР Эвенкийский;Красноярский край;пгт;64.27769;100.21849;5507.0
пгт Тура;1989;МР Эвенкийский;Красноярский край;пгт;64.27769;100.21849;7686.0
пгт Тура;2002;МР Эвенкийский;Красноярский край;пгт;64.27769;100.21849;5836.0
пгт Тура;2010;МР Эвенкийский;Красноярский край;пгт;64.27769;100.21849;5535.0
пгт Тюва-Губа;1959;МР Кольский;Мурманская область;пгт;69.187;33.63072;918.0
пгт Тюва-Губа;1970;МР Кольский;Мурманская область;пгт;69.187;33.63072;261.0
пгт Угольные Копи;1970;МР Анадырский;Чукотский АО;пгт;64.74504;177.68948;5940.0
пгт Угольные Копи;1979;МР Анадырский;Чукотский АО;пгт;64.74504;177.68948;9929.0
пгт Угольные Копи;1989;МР Анадырский;Чукотский АО;пгт;64.74504;177.68948;12937.0
пгт Угольные Копи;2002;МР Анадырский;Чукотский АО;пгт;64.74504;177.68948;3863.0
пгт Угольные Копи;2010;МР Анадырский;Чукотский АО;пгт;64.74504;177.68948;3368.0
пгт Угольные Копи;2021;МР Анадырский;Чукотский АО;пгт;64.74504;177.68948;3232.0
пгт Угольный;1959;ГО Норильск;Красноярский край;пгт;69.3535;88.2027;3942.0
пгт Уемский;1959;МР Приморский;Архангельская область (без НАО);пгт;64.4743;40.8524;3907.0
пгт Уемский;1970;МР Приморский;Архангельская область (без НАО);пгт;64.4743;40.8524;3366.0
пгт Уемский;1979;МР Приморский;Архангельская область (без НАО);пгт;64.4743;40.8524;4905.0
пгт Уемский;1989;МР Приморский;Архангельская область (без НАО);пгт;64.4743;40.8524;4241.0
пгт Уемский;2002;МР Приморский;Архангельская область (без НАО);пгт;64.4743;40.8524;3735.0
пгт Умба;1939;МР Терский;Мурманская область;пгт;66.68706;34.34291;5196.0
пгт Умба;1959;МР Терский;Мурманская область;пгт;66.68706;34.34291;8950.0
пгт Умба;1970;МР Терский;Мурманская область;пгт;66.68706;34.34291;7268.0
пгт Умба;1979;МР Терский;Мурманская область;пгт;66.68706;34.34291;7699.0
пгт Умба;1989;МР Терский;Мурманская область;пгт;66.68706;34.34291;8443.0
пгт Умба;2002;МР Терский;Мурманская область;пгт;66.68706;34.34291;6497.0
пгт Умба;2010;МР Терский;Мурманская область;пгт;66.68706;34.34291;5532.0
пгт Умба;2021;МР Терский;Мурманская область;пгт;66.68706;34.34291;4121.0
пгт Уренгой;1989;МО Пуровский;Ямало-Ненецкий АО;пгт;65.9655;78.36929;12089.0
пгт Уренгой;2002;МО Пуровский;Ямало-Ненецкий АО;пгт;65.9655;78.36929;9329.0
пгт Уренгой;2010;МО Пуровский;Ямало-Ненецкий АО;пгт;65.9655;78.36929;10066.0
пгт Уренгой;2021;МО Пуровский;Ямало-Ненецкий АО;пгт;65.9655;78.36929;5845.0
пгт Усинск;1979;ГО Усинск;Республика Коми;пгт;65.99389;57.52806;19513.0
пгт Усть-Куйга;1970;МР Усть-Янский;Республика Саха (Якутия);пгт;70.00208;135.54876;1825.0
пгт Усть-Куйга;1979;МР Усть-Янский;Республика Саха (Якутия);пгт;70.00208;135.54876;2700.0
пгт Усть-Куйга;1989;МР Усть-Янский;Республика Саха (Якутия);пгт;70.00208;135.54876;5348.0
пгт Усть-Куйга;2002;МР Усть-Янский;Республика Саха (Якутия);пгт;70.00208;135.54876;1568.0
пгт Усть-Куйга;2010;МР Усть-Янский;Республика Саха (Якутия);пгт;70.00208;135.54876;979.0
пгт Усть-Куйга;2021;МР Усть-Янский;Республика Саха (Якутия);пгт;70.00208;135.54876;668.0
пгт Хальмер-Ю;1959;ГО Воркута;Республика Коми;пгт;67.96667;64.83333;7122.0
пгт Хальмер-Ю;1970;ГО Воркута;Республика Коми;пгт;67.96667;64.83333;4509.0
пгт Хальмер-Ю;1979;ГО Воркута;Республика Коми;пгт;67.96667;64.83333;4328.0
пгт Хальмер-Ю;1989;ГО Воркута;Республика Коми;пгт;67.96667;64.83333;4484.0
пгт Хановей;1959;ГО Воркута;Республика Коми;пгт;67.3;63.61667;3134.0
пгт Харп;1989;ГО Лабытнанги;Ямало-Ненецкий АО;пгт;66.80139;65.80806;5508.0
пгт Харп;2002;ГО Лабытнанги;Ямало-Ненецкий АО;пгт;66.80139;65.80806;7278.0
пгт Харп;2010;ГО Лабытнанги;Ямало-Ненецкий АО;пгт;66.80139;65.80806;6413.0
пгт Харп;2021;ГО Лабытнанги;Ямало-Ненецкий АО;пгт;66.80139;65.80806;5031.0
пгт Хетоламбина;1959;МР Лоухский;Республика Карелия;пгт;66.35778;33.27917;1901.0
пгт Цементнозаводский;1959;ГО Воркута;Республика Коми;пгт;67.62834;64.08965;1531.0
пгт Цементнозаводский;1970;ГО Воркута;Республика Коми;пгт;67.62834;64.08965;3077.0
пгт Цементнозаводский;1979;ГО Воркута;Республика Коми;пгт;67.62834;64.08965;3740.0
пгт Цементнозаводский;1989;ГО Воркута;Республика Коми;пгт;67.62834;64.08965;4303.0
пгт Цементнозаводский;2002;ГО Воркута;Республика Коми;пгт;67.62834;64.08965;2246.0
пгт Черный Порог;1979;МР Сегежский;Республика Карелия;пгт;63.99554;33.66726;1351.0
пгт Черный Порог;1989;МР Сегежский;Республика Карелия;пгт;63.99554;33.66726;1127.0
пгт Черский;1970;МР Нижнеколымский;Республика Саха (Якутия);пгт;68.75325;161.33197;9460.0
пгт Черский;1979;МР Нижнеколымский;Республика Саха (Якутия);пгт;68.75325;161.33197;9726.0
пгт Черский;1989;МР Нижнеколымский;Республика Саха (Якутия);пгт;68.75325;161.33197;11456.0
пгт Черский;2002;МР Нижнеколымский;Республика Саха (Якутия);пгт;68.75325;161.33197;3832.0
пгт Черский;2010;МР Нижнеколымский;Республика Саха (Якутия);пгт;68.75325;161.33197;2857.0
пгт Черский;2021;МР Нижнеколымский;Республика Саха (Якутия);пгт;68.75325;161.33197;2623.0
пгт Чкаловский;1970;МР Лоухский;Республика Карелия;пгт;66.29829;33.39741;485.0
пгт Чкаловский;1979;МР Лоухский;Республика Карелия;пгт;66.29829;33.39741;397.0
пгт Чкаловский;1989;МР Лоухский;Республика Карелия;пгт;66.29829;33.39741;304.0
пгт Чокурдах;1989;МР Аллаиховский;Республика Саха (Якутия);пгт;70.61897;147.8973;3913.0
пгт Чокурдах;2002;МР Аллаиховский;Республика Саха (Якутия);пгт;70.61897;147.8973;2591.0
пгт Чокурдах;2010;МР Аллаиховский;Республика Саха (Якутия);пгт;70.61897;147.8973;2367.0
пгт Чокурдах;2021;МР Аллаиховский;Республика Саха (Якутия);пгт;70.61897;147.8973;1869.0
пгт Чупа;1959;МР Лоухский;Республика Карелия;пгт;66.27001;33.05486;4095.0
пгт Чупа;1970;МР Лоухский;Республика Карелия;пгт;66.27001;33.05486;4561.0
пгт Чупа;1979;МР Лоухский;Республика Карелия;пгт;66.27001;33.05486;4904.0
пгт Чупа;1989;МР Лоухский;Республика Карелия;пгт;66.27001;33.05486;5160.0
пгт Чупа;2002;МР Лоухский;Республика Карелия;пгт;66.27001;33.05486;4061.0
пгт Чупа;2010;МР Лоухский;Республика Карелия;пгт;66.27001;33.05486;2924.0
пгт Чупа;2021;МР Лоухский;Республика Карелия;пгт;66.27001;33.05486;2074.0
пгт Шахтерский;1970;МР Анадырский;Чукотский АО;пгт;64.74504;177.68948;1992.0
пгт Шахтерский;1979;МР Анадырский;Чукотский АО;пгт;64.74504;177.68948;2875.0
пгт Шахтерский;1989;МР Анадырский;Чукотский АО;пгт;64.74504;177.68948;3149.0
пгт Шахтерский;2002;МР Анадырский;Чукотский АО;пгт;64.74504;177.68948;328.0
пгт Шонгуй;1959;МР Кольский;Мурманская область;пгт;68.75261;33.14595;1889.0
пгт Шонгуй;1970;МР Кольский;Мурманская область;пгт;68.75261;33.14595;1607.0
пгт Шонгуй;1979;МР Кольский;Мурманская область;пгт;68.75261;33.14595;1743.0
пгт Шонгуй;1989;МР Кольский;Мурманская область;пгт;68.75261;33.14595;1818.0
пгт Шонгуй;2002;МР Кольский;Мурманская область;пгт;68.75261;33.14595;1189.0
пгт Эгвекинот;1959;ГО Эгвекинот;Чукотский АО;пгт;66.32166;-179.12198;3015.0
пгт Эгвекинот;1970;ГО Эгвекинот;Чукотский АО;пгт;66.32166;-179.12198;3360.0
пгт Эгвекинот;1979;ГО Эгвекинот;Чукотский АО;пгт;66.32166;-179.12198;4657.0
пгт Эгвекинот;1989;ГО Эгвекинот;Чукотский АО;пгт;66.32166;-179.12198;5545.0
пгт Эгвекинот;2002;ГО Эгвекинот;Чукотский АО;пгт;66.32166;-179.12198;2413.0
пгт Эгвекинот;2010;ГО Эгвекинот;Чукотский АО;пгт;66.32166;-179.12198;2790.0
пгт Эгвекинот;2021;ГО Эгвекинот;Чукотский АО;пгт;66.32166;-179.12198;3113.0
пгт Эсэ-Хайя;1959;МР Верхоянский;Республика Саха (Якутия);пгт;67.5428;134.6745;3184.0
пгт Эсэ-Хайя;1970;МР Верхоянский;Республика Саха (Якутия);пгт;67.5428;134.6745;2867.0
пгт Эсэ-Хайя;1979;МР Верхоянский;Республика Саха (Якутия);пгт;67.5428;134.6745;1347.0
пгт Эсэ-Хайя;1989;МР Верхоянский;Республика Саха (Якутия);пгт;67.5428;134.6745;1449.0
пгт Эсэ-Хайя;2002;МР Верхоянский;Республика Саха (Якутия);пгт;67.5428;134.6745;343.0
пгт Эсэ-Хайя;2010;МР Верхоянский;Республика Саха (Якутия);пгт;67.5428;134.6745;239.0
пгт Эсэ-Хайя;2021;МР Верхоянский;Республика Саха (Якутия);пгт;67.5428;134.6745;153.0
пгт Юма;1959;МР Кемский;Республика Карелия;пгт;65.07208;33.26179;989.0
пгт Юма;1970;МР Кемский;Республика Карелия;пгт;65.07208;33.26179;773.0
пгт Юма;1979;МР Кемский;Республика Карелия;пгт;65.07208;33.26179;474.0
пгт Янский;1959;МР Усть-Янский;Республика Саха (Якутия);пгт;68.45237;134.8107;1117.0
